event_date,time,temperature_2m,relative_humidity_2m,dew_point_2m,pressure_msl,surface_pressure,precipitation,rain,cloud_cover,vapour_pressure_deficit,wind_speed_10m,wind_direction_10m,wind_gusts_10m,boundary_layer_height,dewpoint_depression,gust_excess,temperature_change_1h,dewpoint_change_1h,pressure_change_1h,precipitation_3h,precipitation_6h,precipitation_12h,precipitation_24h
2019-12-30,2019-12-27T00:00,23.7,44,10.7,1011.5,1008.6,0.0,0.0,100,1.64,17.7,354,29.9,610.0,13.0,12.2,,,,,,,
2019-12-30,2019-12-27T01:00,23.4,49,12.1,1011.3,1008.4,0.0,0.0,94,1.46,19.6,353,32.4,565.0,11.299999999999999,12.799999999999997,-0.3000000000000007,1.4000000000000004,-0.20000000000004547,,,,
2019-12-30,2019-12-27T02:00,23.3,52,13.0,1010.5,1007.6,0.0,0.0,99,1.36,20.7,352,35.6,570.0,10.3,14.900000000000002,-0.09999999999999787,0.9000000000000004,-0.7999999999999545,0.0,,,
2019-12-30,2019-12-27T03:00,22.9,55,13.3,1010.1,1007.2,0.0,0.0,99,1.27,20.9,349,35.3,565.0,9.599999999999998,14.399999999999999,-0.40000000000000213,0.3000000000000007,-0.39999999999997726,0.0,,,
2019-12-30,2019-12-27T04:00,22.5,57,13.7,1009.7,1006.8,0.0,0.0,89,1.16,22.9,344,38.9,550.0,8.8,16.0,-0.3999999999999986,0.3999999999999986,-0.39999999999997726,0.0,,,
2019-12-30,2019-12-27T05:00,22.0,60,14.0,1010.2,1007.3,0.0,0.0,35,1.04,19.9,328,38.5,535.0,8.0,18.6,-0.5,0.3000000000000007,0.5,0.0,0.0,,
2019-12-30,2019-12-27T06:00,21.3,64,14.3,1010.7,1007.8,0.0,0.0,62,0.91,17.3,318,33.1,510.0,7.0,15.8,-0.6999999999999993,0.3000000000000007,0.5,0.0,0.0,,
2019-12-30,2019-12-27T07:00,22.4,62,14.7,1011.3,1008.4,0.0,0.0,91,1.03,15.5,312,29.2,420.0,7.699999999999999,13.7,1.0999999999999979,0.3999999999999986,0.599999999999909,0.0,0.0,,
2019-12-30,2019-12-27T08:00,24.0,58,15.2,1011.4,1008.5,0.0,0.0,92,1.26,18.4,321,33.8,475.0,8.8,15.399999999999999,1.6000000000000014,0.5,0.10000000000002274,0.0,0.0,,
2019-12-30,2019-12-27T09:00,25.6,54,15.6,1012.3,1009.4,0.0,0.0,88,1.5,16.1,326,38.5,570.0,10.000000000000002,22.4,1.6000000000000014,0.40000000000000036,0.8999999999999773,0.0,0.0,,
2019-12-30,2019-12-27T10:00,26.7,52,15.9,1012.2,1009.3,0.0,0.0,99,1.7,14.9,328,31.7,705.0,10.799999999999999,16.799999999999997,1.0999999999999979,0.3000000000000007,-0.09999999999990905,0.0,0.0,,
2019-12-30,2019-12-27T11:00,28.1,48,16.0,1011.6,1008.7,0.0,0.0,89,1.97,12.3,322,30.2,890.0,12.100000000000001,17.9,1.4000000000000021,0.09999999999999964,-0.6000000000000227,0.0,0.0,0.0,
2019-12-30,2019-12-27T12:00,30.6,41,15.7,1010.9,1008.1,0.0,0.0,96,2.6,10.7,327,28.8,1070.0,14.900000000000002,18.1,2.5,-0.3000000000000007,-0.7000000000000455,0.0,0.0,0.0,
2019-12-30,2019-12-27T13:00,32.2,36,15.2,1010.1,1007.3,0.0,0.0,94,3.09,8.4,350,26.6,1035.0,17.000000000000004,18.200000000000003,1.6000000000000014,-0.5,-0.7999999999999545,0.0,0.0,0.0,
2019-12-30,2019-12-27T14:00,33.6,32,14.9,1009.2,1006.4,0.0,0.0,74,3.51,13.3,13,29.2,1190.0,18.700000000000003,15.899999999999999,1.3999999999999986,-0.29999999999999893,-0.8999999999999773,0.0,0.0,0.0,
2019-12-30,2019-12-27T15:00,34.7,32,15.5,1008.3,1005.5,0.0,0.0,13,3.77,15.1,18,33.1,1400.0,19.200000000000003,18.0,1.1000000000000014,0.5999999999999996,-0.900000000000091,0.0,0.0,0.0,
2019-12-30,2019-12-27T16:00,36.1,27,14.2,1007.2,1004.4,0.0,0.0,26,4.34,17.9,15,36.7,1460.0,21.900000000000002,18.800000000000004,1.3999999999999986,-1.3000000000000007,-1.099999999999909,0.0,0.0,0.0,
2019-12-30,2019-12-27T17:00,35.7,27,13.8,1006.0,1003.2,0.0,0.0,59,4.26,17.6,15,37.4,1440.0,21.900000000000002,19.799999999999997,-0.3999999999999986,-0.3999999999999986,-1.2000000000000455,0.0,0.0,0.0,
2019-12-30,2019-12-27T18:00,34.6,31,14.9,1005.5,1002.7,0.0,0.0,72,3.79,17.7,331,35.3,1145.0,19.700000000000003,17.599999999999998,-1.1000000000000014,1.0999999999999996,-0.5,0.0,0.0,0.0,
2019-12-30,2019-12-27T19:00,31.9,45,18.6,1006.3,1003.5,0.2,0.2,82,2.57,19.2,343,39.2,1175.0,13.299999999999997,20.000000000000004,-2.700000000000003,3.700000000000001,0.7999999999999545,0.2,0.2,0.2,
2019-12-30,2019-12-27T20:00,30.9,50,19.1,1006.8,1004.0,0.0,0.0,29,2.24,17.5,346,34.6,1100.0,11.799999999999997,17.1,-1.0,0.5,0.5,0.2,0.2,0.2,
2019-12-30,2019-12-27T21:00,29.5,54,19.1,1007.2,1004.4,0.0,0.0,33,1.91,11.2,327,31.0,885.0,10.399999999999999,19.8,-1.3999999999999986,0.0,0.40000000000009095,0.2,0.2,0.2,
2019-12-30,2019-12-27T22:00,28.9,56,19.4,1008.0,1005.2,0.0,0.0,94,1.74,9.8,332,19.4,655.0,9.5,9.599999999999998,-0.6000000000000014,0.29999999999999716,0.7999999999999545,0.0,0.2,0.2,
2019-12-30,2019-12-27T23:00,28.4,58,19.4,1008.0,1005.1,0.0,0.0,100,1.61,14.6,350,24.1,455.0,9.0,9.500000000000002,-0.5,0.0,0.0,0.0,0.2,0.2,0.2
2019-12-30,2019-12-28T00:00,27.8,63,20.1,1008.0,1005.1,0.0,0.0,100,1.39,15.0,350,26.3,370.0,7.699999999999999,11.3,-0.5999999999999979,0.7000000000000028,0.0,0.0,0.2,0.2,0.2
2019-12-30,2019-12-28T01:00,27.0,68,20.5,1007.7,1004.8,0.0,0.0,100,1.14,13.4,352,25.6,335.0,6.5,12.200000000000001,-0.8000000000000007,0.3999999999999986,-0.2999999999999545,0.0,0.0,0.2,0.2
2019-12-30,2019-12-28T02:00,26.2,72,20.8,1007.5,1004.6,0.0,0.0,100,0.94,12.9,342,22.7,295.0,5.399999999999999,9.799999999999999,-0.8000000000000007,0.3000000000000007,-0.20000000000004547,0.0,0.0,0.2,0.2
2019-12-30,2019-12-28T03:00,25.9,75,21.0,1007.5,1004.6,0.0,0.0,100,0.84,12.4,338,21.2,275.0,4.899999999999999,8.799999999999999,-0.3000000000000007,0.1999999999999993,0.0,0.0,0.0,0.2,0.2
2019-12-30,2019-12-28T04:00,25.5,77,21.2,1007.7,1004.8,0.0,0.0,100,0.75,13.3,347,23.0,320.0,4.300000000000001,9.7,-0.3999999999999986,0.1999999999999993,0.20000000000004547,0.0,0.0,0.2,0.2
2019-12-30,2019-12-28T05:00,25.2,79,21.4,1007.6,1004.7,0.0,0.0,100,0.66,14.0,342,23.0,405.0,3.8000000000000007,9.0,-0.3000000000000007,0.1999999999999993,-0.10000000000002274,0.0,0.0,0.2,0.2
2019-12-30,2019-12-28T06:00,24.8,80,21.2,1009.0,1006.1,0.0,0.0,100,0.61,24.0,332,37.4,375.0,3.6000000000000014,13.399999999999999,-0.3999999999999986,-0.1999999999999993,1.3999999999999773,0.0,0.0,0.2,0.2
2019-12-30,2019-12-28T07:00,23.8,81,20.3,1009.6,1006.7,0.0,0.0,91,0.57,19.9,316,43.9,595.0,3.5,24.0,-1.0,-0.8999999999999986,0.6000000000000227,0.0,0.0,0.0,0.2
2019-12-30,2019-12-28T08:00,26.6,69,20.4,1009.9,1007.0,0.0,0.0,83,1.08,18.0,296,34.6,675.0,6.200000000000003,16.6,2.8000000000000007,0.09999999999999787,0.2999999999999545,0.0,0.0,0.0,0.2
2019-12-30,2019-12-28T09:00,26.4,38,10.8,1009.9,1007.0,0.0,0.0,15,2.14,24.0,210,33.8,655.0,15.599999999999998,9.799999999999997,-0.20000000000000284,-9.599999999999998,0.0,0.0,0.0,0.0,0.2
2019-12-30,2019-12-28T10:00,27.3,47,14.9,1010.5,1007.6,0.0,0.0,100,1.92,22.0,183,43.9,650.0,12.4,21.9,0.9000000000000021,4.1,0.6000000000000227,0.0,0.0,0.0,0.2
2019-12-30,2019-12-28T11:00,27.3,54,17.3,1010.9,1008.0,0.0,0.0,92,1.65,23.9,168,46.8,760.0,10.0,22.9,0.0,2.4000000000000004,0.39999999999997726,0.0,0.0,0.0,0.2
2019-12-30,2019-12-28T12:00,27.7,52,16.9,1011.7,1008.8,0.0,0.0,66,1.78,24.1,171,47.5,930.0,10.8,23.4,0.3999999999999986,-0.40000000000000213,0.8000000000000682,0.0,0.0,0.0,0.2
2019-12-30,2019-12-28T13:00,27.2,54,17.1,1011.8,1008.9,0.0,0.0,1,1.66,26.3,163,51.5,905.0,10.099999999999998,25.2,-0.5,0.20000000000000284,0.09999999999990905,0.0,0.0,0.0,0.2
2019-12-30,2019-12-28T14:00,25.9,53,15.6,1012.4,1009.5,0.0,0.0,0,1.57,32.5,154,60.5,805.0,10.299999999999999,28.0,-1.3000000000000007,-1.5000000000000018,0.6000000000000227,0.0,0.0,0.0,0.2
2019-12-30,2019-12-28T15:00,24.0,53,13.7,1013.1,1010.2,0.0,0.0,5,1.41,33.8,151,65.2,780.0,10.3,31.400000000000006,-1.8999999999999986,-1.9000000000000004,0.7000000000000455,0.0,0.0,0.0,0.2
2019-12-30,2019-12-28T16:00,23.4,52,12.8,1013.4,1010.5,0.0,0.0,54,1.39,28.4,147,63.4,715.0,10.599999999999998,35.0,-0.6000000000000014,-0.8999999999999986,0.2999999999999545,0.0,0.0,0.0,0.2
2019-12-30,2019-12-28T17:00,22.8,52,12.6,1013.0,1010.1,0.0,0.0,75,1.32,25.8,144,54.0,660.0,10.200000000000001,28.2,-0.5999999999999979,-0.20000000000000107,-0.39999999999997726,0.0,0.0,0.0,0.2
2019-12-30,2019-12-28T18:00,22.0,54,12.1,1012.7,1009.8,0.0,0.0,0,1.22,24.7,143,49.0,580.0,9.9,24.3,-0.8000000000000007,-0.5,-0.2999999999999545,0.0,0.0,0.0,0.2
2019-12-30,2019-12-28T19:00,21.0,56,12.0,1013.0,1010.1,0.0,0.0,69,1.09,22.7,138,46.8,545.0,9.0,24.099999999999998,-1.0,-0.09999999999999964,0.2999999999999545,0.0,0.0,0.0,0.0
2019-12-30,2019-12-28T20:00,20.2,58,11.8,1013.3,1010.4,0.0,0.0,71,0.98,20.1,134,41.8,490.0,8.399999999999999,21.699999999999996,-0.8000000000000007,-0.1999999999999993,0.2999999999999545,0.0,0.0,0.0,0.0
2019-12-30,2019-12-28T21:00,19.2,64,12.3,1014.7,1011.7,0.0,0.0,86,0.79,18.3,135,35.6,450.0,6.899999999999999,17.3,-1.0,0.5,1.400000000000091,0.0,0.0,0.0,0.0
2019-12-30,2019-12-28T22:00,19.2,63,12.1,1015.2,1012.2,0.0,0.0,97,0.81,18.4,132,33.1,425.0,7.1,14.700000000000003,0.0,-0.20000000000000107,0.5,0.0,0.0,0.0,0.0
2019-12-30,2019-12-28T23:00,18.9,64,12.0,1015.4,1012.4,0.0,0.0,3,0.78,17.3,121,32.8,400.0,6.899999999999999,15.499999999999996,-0.3000000000000007,-0.09999999999999964,0.1999999999999318,0.0,0.0,0.0,0.0
2019-12-30,2019-12-29T00:00,18.0,69,12.2,1015.6,1012.6,0.0,0.0,0,0.65,11.7,108,30.2,365.0,5.800000000000001,18.5,-0.8999999999999986,0.1999999999999993,0.20000000000004547,0.0,0.0,0.0,0.0
2019-12-30,2019-12-29T01:00,17.6,72,12.4,1015.4,1012.4,0.0,0.0,0,0.57,10.5,94,19.8,330.0,5.200000000000001,9.3,-0.3999999999999986,0.20000000000000107,-0.20000000000004547,0.0,0.0,0.0,0.0
2019-12-30,2019-12-29T02:00,17.2,75,12.8,1015.0,1012.0,0.0,0.0,0,0.48,9.2,79,17.6,305.0,4.399999999999999,8.400000000000002,-0.40000000000000213,0.40000000000000036,-0.39999999999997726,0.0,0.0,0.0,0.0
2019-12-30,2019-12-29T03:00,16.8,80,13.4,1014.3,1011.3,0.0,0.0,0,0.38,7.9,74,15.8,280.0,3.4000000000000004,7.9,-0.3999999999999986,0.5999999999999996,-0.7000000000000455,0.0,0.0,0.0,0.0
2019-12-30,2019-12-29T04:00,16.3,85,13.8,1013.8,1010.8,0.0,0.0,0,0.28,5.9,79,13.7,245.0,2.5,7.799999999999999,-0.5,0.40000000000000036,-0.5,0.0,0.0,0.0,0.0
2019-12-30,2019-12-29T05:00,16.1,89,14.2,1013.4,1010.4,0.0,0.0,0,0.21,6.7,74,10.4,220.0,1.9000000000000021,3.7,-0.1999999999999993,0.3999999999999986,-0.39999999999997726,0.0,0.0,0.0,0.0
2019-12-30,2019-12-29T06:00,16.2,91,14.8,1013.6,1010.6,0.0,0.0,50,0.16,7.5,73,12.2,185.0,1.3999999999999986,4.699999999999999,0.09999999999999787,0.6000000000000014,0.20000000000004547,0.0,0.0,0.0,0.0
2019-12-30,2019-12-29T07:00,18.6,84,15.9,1013.7,1010.7,0.0,0.0,0,0.34,9.8,82,17.6,225.0,2.700000000000001,7.800000000000001,2.400000000000002,1.0999999999999996,0.10000000000002274,0.0,0.0,0.0,0.0
2019-12-30,2019-12-29T08:00,21.9,74,17.0,1013.9,1011.0,0.0,0.0,0,0.68,9.6,77,20.9,255.0,4.899999999999999,11.299999999999999,3.299999999999997,1.0999999999999996,0.1999999999999318,0.0,0.0,0.0,0.0
2019-12-30,2019-12-29T09:00,23.9,65,16.9,1014.4,1011.5,0.0,0.0,71,1.04,9.5,81,25.2,345.0,7.0,15.7,2.0,-0.10000000000000142,0.5,0.0,0.0,0.0,0.0
2019-12-30,2019-12-29T10:00,26.8,49,15.3,1013.8,1010.9,0.0,0.0,88,1.79,12.4,116,27.0,415.0,11.5,14.6,2.900000000000002,-1.5999999999999979,-0.6000000000000227,0.0,0.0,0.0,0.0
2019-12-30,2019-12-29T11:00,28.5,42,14.5,1013.3,1010.4,0.0,0.0,93,2.23,16.8,132,35.3,545.0,14.0,18.499999999999996,1.6999999999999993,-0.8000000000000007,-0.5,0.0,0.0,0.0,0.0
2019-12-30,2019-12-29T12:00,29.8,39,14.4,1013.5,1010.6,0.0,0.0,94,2.55,16.3,133,36.4,690.0,15.4,20.099999999999998,1.3000000000000007,-0.09999999999999964,0.20000000000004547,0.0,0.0,0.0,0.0
2019-12-30,2019-12-29T13:00,31.2,34,13.4,1013.1,1010.3,0.0,0.0,88,2.99,16.3,135,35.3,820.0,17.799999999999997,18.999999999999996,1.3999999999999986,-1.0,-0.39999999999997726,0.0,0.0,0.0,0.0
2019-12-30,2019-12-29T14:00,31.2,38,15.1,1012.2,1009.4,0.0,0.0,94,2.82,20.0,141,41.0,960.0,16.1,21.0,0.0,1.6999999999999993,-0.8999999999999773,0.0,0.0,0.0,0.0
2019-12-30,2019-12-29T15:00,31.4,38,15.3,1011.4,1008.6,0.0,0.0,97,2.86,24.0,139,46.1,1050.0,16.099999999999998,22.1,0.1999999999999993,0.20000000000000107,-0.8000000000000682,0.0,0.0,0.0,0.0
2019-12-30,2019-12-29T16:00,30.9,41,16.1,1010.4,1007.6,0.0,0.0,97,2.64,26.8,138,50.8,855.0,14.799999999999997,23.999999999999996,-0.5,0.8000000000000007,-1.0,0.0,0.0,0.0,0.0
2019-12-30,2019-12-29T17:00,30.1,44,16.5,1010.1,1007.3,0.0,0.0,97,2.4,26.7,134,50.8,605.0,13.600000000000001,24.099999999999998,-0.7999999999999972,0.3999999999999986,-0.2999999999999545,0.0,0.0,0.0,0.0
2019-12-30,2019-12-29T18:00,29.3,45,16.2,1009.7,1006.9,0.0,0.0,99,2.22,27.2,127,51.5,595.0,13.100000000000001,24.3,-0.8000000000000007,-0.3000000000000007,-0.39999999999997726,0.0,0.0,0.0,0.0
2019-12-30,2019-12-29T19:00,28.5,48,16.3,1009.3,1006.4,0.0,0.0,98,2.03,26.6,118,49.3,610.0,12.2,22.699999999999996,-0.8000000000000007,0.10000000000000142,-0.40000000000009095,0.0,0.0,0.0,0.0
2019-12-30,2019-12-29T20:00,27.2,53,16.7,1009.6,1006.7,0.0,0.0,95,1.71,24.1,117,47.5,540.0,10.5,23.4,-1.3000000000000007,0.3999999999999986,0.3000000000000682,0.0,0.0,0.0,0.0
2019-12-30,2019-12-29T21:00,25.6,61,17.7,1010.3,1007.4,0.0,0.0,99,1.26,18.2,98,41.0,505.0,7.900000000000002,22.8,-1.5999999999999979,1.0,0.6999999999999318,0.0,0.0,0.0,0.0
2019-12-30,2019-12-29T22:00,25.7,62,18.0,1011.2,1008.3,0.0,0.0,97,1.24,18.0,89,30.6,480.0,7.699999999999999,12.600000000000001,0.09999999999999787,0.3000000000000007,0.900000000000091,0.0,0.0,0.0,0.0
2019-12-30,2019-12-29T23:00,25.5,65,18.4,1011.4,1008.5,0.1,0.1,97,1.14,18.5,77,31.0,425.0,7.100000000000001,12.5,-0.1999999999999993,0.3999999999999986,0.1999999999999318,0.1,0.1,0.1,0.1
2019-12-30,2019-12-30T00:00,24.8,71,19.1,1011.3,1008.4,0.2,0.2,84,0.91,16.3,76,32.0,345.0,5.699999999999999,15.7,-0.6999999999999993,0.7000000000000028,-0.10000000000002274,0.30000000000000004,0.30000000000000004,0.30000000000000004,0.30000000000000004
2019-12-30,2019-12-30T01:00,24.7,72,19.4,1010.8,1007.9,0.3,0.3,94,0.87,16.1,74,31.0,280.0,5.300000000000001,14.899999999999999,-0.10000000000000142,0.29999999999999716,-0.5,0.6000000000000001,0.6000000000000001,0.6000000000000001,0.6000000000000001
2019-12-30,2019-12-30T02:00,24.0,80,20.3,1010.3,1007.4,0.4,0.4,99,0.6,15.8,69,32.8,275.0,3.6999999999999993,16.999999999999996,-0.6999999999999993,0.9000000000000021,-0.5,0.9,1.0,1.0,1.0
2019-12-30,2019-12-30T03:00,23.7,82,20.5,1009.3,1006.4,0.7,0.7,98,0.52,13.3,57,28.8,285.0,3.1999999999999993,15.5,-0.3000000000000007,0.1999999999999993,-1.0,1.4,1.7,1.7,1.7
2019-12-30,2019-12-30T04:00,22.9,93,21.7,1009.2,1006.3,6.5,6.5,99,0.2,9.5,79,26.3,250.0,1.1999999999999993,16.8,-0.8000000000000007,1.1999999999999993,-0.09999999999990905,7.6,8.2,8.2,8.2
2019-12-30,2019-12-30T05:00,22.6,95,21.8,1008.8,1005.9,3.1,3.1,98,0.14,13.3,71,30.6,145.0,0.8000000000000007,17.3,-0.29999999999999716,0.10000000000000142,-0.40000000000009095,10.3,11.2,11.299999999999999,11.299999999999999
2019-12-30,2019-12-30T06:00,22.8,94,21.7,1008.8,1005.9,3.3,3.3,100,0.17,9.4,40,29.5,175.0,1.1000000000000014,20.1,0.1999999999999993,-0.10000000000000142,0.0,12.899999999999999,14.3,14.599999999999998,14.599999999999998
2019-12-30,2019-12-30T07:00,22.7,95,21.9,1009.8,1006.9,5.2,5.2,100,0.13,2.3,231,16.6,145.0,0.8000000000000007,14.3,-0.10000000000000142,0.1999999999999993,1.0,11.600000000000001,19.2,19.799999999999997,19.799999999999997
2019-12-30,2019-12-30T08:00,23.1,94,22.2,1010.1,1007.2,1.9,1.9,100,0.16,2.8,220,11.9,130.0,0.9000000000000021,9.100000000000001,0.40000000000000213,0.3000000000000007,0.3000000000000682,10.4,20.7,21.699999999999996,21.699999999999996
2019-12-30,2019-12-30T09:00,22.6,90,20.8,1010.0,1007.1,2.0,2.0,100,0.29,22.5,344,13.0,330.0,1.8000000000000007,-9.5,-0.5,-1.3999999999999986,-0.10000000000002274,9.1,21.999999999999996,23.699999999999996,23.699999999999996
2019-12-30,2019-12-30T10:00,22.9,91,21.4,1009.7,1006.8,0.9,0.9,100,0.25,20.2,341,38.5,360.0,1.5,18.3,0.29999999999999716,0.5999999999999979,-0.2999999999999545,4.8,16.400000000000002,24.599999999999994,24.599999999999994
2019-12-30,2019-12-30T11:00,24.4,85,21.8,1008.3,1005.4,0.1,0.1,96,0.44,21.6,330,37.8,425.0,2.599999999999998,16.199999999999996,1.5,0.40000000000000213,-1.400000000000091,3.0,13.4,24.599999999999998,24.699999999999996
2019-12-30,2019-12-30T12:00,28.8,64,21.4,1007.0,1004.2,0.0,0.0,74,1.42,22.9,312,46.4,590.0,7.400000000000002,23.5,4.400000000000002,-0.40000000000000213,-1.2999999999999545,1.0,10.1,24.4,24.699999999999996
2019-12-30,2019-12-30T13:00,30.8,57,21.3,1006.7,1003.9,0.0,0.0,86,1.9,20.2,301,43.9,815.0,9.5,23.7,2.0,-0.09999999999999787,-0.2999999999999545,0.1,4.8999999999999995,24.099999999999998,24.699999999999996
2019-12-30,2019-12-30T14:00,31.3,56,21.4,1006.9,1004.1,0.0,0.0,99,2.03,18.4,293,40.0,325.0,9.900000000000002,21.6,0.5,0.09999999999999787,0.1999999999999318,0.0,3.0,23.7,24.699999999999996
2019-12-30,2019-12-30T15:00,29.2,64,21.8,1006.9,1004.1,0.3,0.3,96,1.45,15.2,306,36.4,390.0,7.399999999999999,21.2,-2.1000000000000014,0.40000000000000213,0.0,0.3,1.3,23.299999999999997,24.999999999999996
2019-12-30,2019-12-30T16:00,29.4,63,21.7,1006.8,1004.0,0.0,0.0,86,1.49,15.6,320,33.5,480.0,7.699999999999999,17.9,0.1999999999999993,-0.10000000000000142,-0.10000000000002274,0.3,0.4,16.800000000000004,24.999999999999996
2019-12-30,2019-12-30T17:00,28.5,68,22.0,1006.3,1003.5,0.1,0.1,89,1.24,14.1,328,32.4,440.0,6.5,18.299999999999997,-0.8999999999999986,0.3000000000000007,-0.5,0.4,0.4,13.8,25.099999999999998
2019-12-30,2019-12-30T18:00,28.9,67,22.1,1005.9,1003.1,0.1,0.1,99,1.32,13.4,340,28.4,300.0,6.799999999999997,14.999999999999998,0.3999999999999986,0.10000000000000142,-0.39999999999997726,0.2,0.5,10.6,25.2
2019-12-30,2019-12-30T19:00,28.0,71,22.2,1006.4,1003.6,0.2,0.2,97,1.1,12.4,350,27.7,230.0,5.800000000000001,15.299999999999999,-0.8999999999999986,0.09999999999999787,0.5,0.4,0.7,5.599999999999999,25.4
2019-12-30,2019-12-30T20:00,26.9,75,22.0,1006.5,1003.6,0.0,0.0,56,0.89,8.2,345,22.0,320.0,4.899999999999999,13.8,-1.1000000000000014,-0.1999999999999993,0.10000000000002274,0.30000000000000004,0.7,3.7,25.4
2019-12-30,2019-12-30T21:00,23.9,91,22.4,1007.5,1004.6,0.0,0.0,34,0.27,6.7,344,14.0,280.0,1.5,7.3,-3.0,0.3999999999999986,1.0,0.2,0.4,1.7000000000000002,25.4
2019-12-30,2019-12-30T22:00,23.8,91,22.2,1008.8,1005.9,0.9,0.9,100,0.27,2.3,108,13.3,225.0,1.6000000000000014,11.0,-0.09999999999999787,-0.1999999999999993,1.2999999999999545,0.9,1.3,1.7000000000000002,26.299999999999997
2019-12-30,2019-12-30T23:00,22.7,94,21.6,1009.3,1006.4,2.2,2.2,100,0.18,0.8,243,17.6,185.0,1.0999999999999979,16.8,-1.1000000000000014,-0.5999999999999979,0.5,3.1,3.4000000000000004,3.8000000000000003,28.4
2019-12-30,2019-12-31T00:00,22.4,96,21.8,1009.1,1006.2,0.3,0.3,43,0.11,7.0,249,11.5,390.0,0.5999999999999979,4.5,-0.3000000000000007,0.1999999999999993,-0.1999999999999318,3.4,3.6,4.1000000000000005,28.5
2019-12-30,2019-12-31T01:00,22.5,96,21.9,1009.2,1006.3,0.0,0.0,27,0.11,8.9,243,14.4,520.0,0.6000000000000014,5.5,0.10000000000000142,0.09999999999999787,0.10000000000002274,2.5,3.4,4.1000000000000005,28.2
2019-12-30,2019-12-31T02:00,21.5,96,20.8,1009.6,1006.7,0.0,0.0,100,0.11,19.4,195,31.7,490.0,0.6999999999999993,12.3,-1.0,-1.0999999999999979,0.39999999999997726,0.3,3.4,4.1000000000000005,27.8
2019-12-30,2019-12-31T03:00,19.7,92,18.4,1010.0,1007.1,0.1,0.1,76,0.19,21.4,193,37.1,485.0,1.3000000000000007,15.700000000000003,-1.8000000000000007,-2.400000000000002,0.39999999999997726,0.1,3.5,3.9,27.2
2019-12-30,2019-12-31T04:00,19.0,91,17.5,1010.3,1007.4,0.0,0.0,67,0.2,19.8,196,38.9,555.0,1.5,19.099999999999998,-0.6999999999999993,-0.8999999999999986,0.2999999999999545,0.1,2.6,3.9,20.700000000000006
2019-12-30,2019-12-31T05:00,18.8,90,17.2,1010.6,1007.6,0.0,0.0,100,0.21,18.3,196,34.2,605.0,1.6000000000000014,15.900000000000002,-0.1999999999999993,-0.3000000000000007,0.3000000000000682,0.1,0.4,3.8000000000000003,17.6
2019-12-30,2019-12-31T06:00,18.8,89,17.0,1011.3,1008.3,0.0,0.0,100,0.23,18.7,196,32.0,645.0,1.8000000000000007,13.3,0.0,-0.1999999999999993,0.6999999999999318,0.0,0.1,3.7,14.299999999999999
2019-12-30,2019-12-31T07:00,19.0,85,16.4,1012.0,1009.0,0.0,0.0,100,0.33,22.7,183,39.2,685.0,2.6000000000000014,16.500000000000004,0.1999999999999993,-0.6000000000000014,0.7000000000000455,0.0,0.1,3.5,9.1
2019-12-30,2019-12-31T08:00,19.3,81,16.0,1012.6,1009.6,0.0,0.0,100,0.43,23.5,176,41.4,715.0,3.3000000000000007,17.9,0.3000000000000007,-0.3999999999999986,0.6000000000000227,0.0,0.1,3.5,7.2
2019-12-30,2019-12-31T09:00,19.5,81,16.2,1013.8,1010.8,0.0,0.0,99,0.42,24.9,170,44.6,825.0,3.3000000000000007,19.700000000000003,0.1999999999999993,0.1999999999999993,1.1999999999999318,0.0,0.0,3.5,5.2
2019-12-30,2019-12-31T10:00,20.0,80,16.5,1014.1,1011.2,0.2,0.2,100,0.46,26.6,161,47.5,895.0,3.5,20.9,0.5,0.3000000000000007,0.3000000000000682,0.2,0.2,2.8000000000000003,4.5
2019-12-30,2019-12-31T11:00,20.8,75,16.2,1014.4,1011.5,0.2,0.2,98,0.61,27.3,168,49.3,960.0,4.600000000000001,21.999999999999996,0.8000000000000007,-0.3000000000000007,0.2999999999999545,0.4,0.4,0.8,4.6000000000000005
2019-12-30,2019-12-31T12:00,21.1,75,16.5,1015.0,1012.1,0.2,0.2,90,0.63,26.8,165,50.4,1025.0,4.600000000000001,23.599999999999998,0.3000000000000007,0.3000000000000007,0.6000000000000227,0.6000000000000001,0.6000000000000001,0.7,4.800000000000001
2019-12-30,2019-12-31T13:00,22.2,69,16.2,1015.3,1012.4,0.1,0.1,49,0.83,27.6,165,51.8,1070.0,6.0,24.199999999999996,1.0999999999999979,-0.3000000000000007,0.2999999999999545,0.5,0.7000000000000001,0.7999999999999999,4.9
2019-12-30,2019-12-31T14:00,22.7,67,16.1,1015.5,1012.6,0.0,0.0,52,0.92,28.2,161,53.3,1145.0,6.599999999999998,25.099999999999998,0.5,-0.09999999999999787,0.20000000000004547,0.30000000000000004,0.7000000000000001,0.7999999999999999,4.9
2019-12-30,2019-12-31T15:00,22.5,67,16.0,1015.4,1012.5,0.0,0.0,30,0.91,27.8,149,52.9,1095.0,6.5,25.099999999999998,-0.1999999999999993,-0.10000000000000142,-0.10000000000002274,0.1,0.7000000000000001,0.7000000000000001,4.6
2019-12-30,2019-12-31T16:00,22.4,66,15.7,1015.2,1012.3,0.0,0.0,5,0.92,28.2,148,52.9,915.0,6.699999999999999,24.7,-0.10000000000000142,-0.3000000000000007,-0.1999999999999318,0.0,0.5,0.7000000000000001,4.6
2019-12-30,2019-12-31T17:00,22.2,66,15.6,1015.0,1012.1,0.0,0.0,15,0.9,26.9,148,52.2,875.0,6.6,25.300000000000004,-0.1999999999999993,-0.09999999999999964,-0.20000000000004547,0.0,0.30000000000000004,0.7000000000000001,4.5
2019-12-30,2019-12-31T18:00,21.5,70,15.8,1014.9,1012.0,0.0,0.0,2,0.76,25.5,147,50.0,725.0,5.699999999999999,24.5,-0.6999999999999993,0.20000000000000107,-0.10000000000002274,0.0,0.1,0.7000000000000001,4.4
2019-12-30,2019-12-31T19:00,20.3,77,16.0,1014.9,1012.0,0.0,0.0,13,0.56,24.3,142,46.8,720.0,4.300000000000001,22.499999999999996,-1.1999999999999993,0.1999999999999993,0.0,0.0,0.0,0.7000000000000001,4.2
2019-12-30,2019-12-31T20:00,19.4,78,15.6,1015.3,1012.3,0.0,0.0,76,0.49,22.7,136,43.9,730.0,3.799999999999999,21.2,-0.9000000000000021,-0.40000000000000036,0.39999999999997726,0.0,0.0,0.7000000000000001,4.2
2019-12-30,2019-12-31T21:00,18.7,80,15.1,1016.0,1013.0,0.0,0.0,72,0.43,20.9,132,39.6,770.0,3.5999999999999996,18.700000000000003,-0.6999999999999993,-0.5,0.7000000000000455,0.0,0.0,0.7000000000000001,4.2
2019-12-30,2019-12-31T22:00,18.6,81,15.2,1016.7,1013.7,0.0,0.0,41,0.42,20.4,131,36.0,820.0,3.400000000000002,15.600000000000001,-0.09999999999999787,0.09999999999999964,0.7000000000000455,0.0,0.0,0.5,3.3000000000000007
2019-12-30,2019-12-31T23:00,18.6,81,15.2,1017.0,1014.0,0.0,0.0,75,0.42,19.6,126,37.1,820.0,3.400000000000002,17.5,0.0,0.0,0.2999999999999545,0.0,0.0,0.30000000000000004,1.1
2023-12-16,2023-12-13T00:00,17.0,72,12.0,1011.6,1008.6,0.0,0.0,13,0.53,15.0,100,33.5,400.0,5.0,18.5,,,,,,,
2023-12-16,2023-12-13T01:00,16.4,75,11.9,1011.7,1008.7,0.0,0.0,9,0.47,11.9,95,24.5,365.0,4.499999999999998,12.6,-0.6000000000000014,-0.09999999999999964,0.10000000000002274,,,,
2023-12-16,2023-12-13T02:00,15.9,78,12.0,1011.4,1008.4,0.0,0.0,8,0.4,10.9,96,19.8,340.0,3.9000000000000004,8.9,-0.4999999999999982,0.09999999999999964,-0.3000000000000682,0.0,,,
2023-12-16,2023-12-13T03:00,15.4,80,12.1,1010.8,1007.8,0.0,0.0,2,0.34,11.2,92,18.0,315.0,3.3000000000000007,6.800000000000001,-0.5,0.09999999999999964,-0.6000000000000227,0.0,,,
2023-12-16,2023-12-13T04:00,14.9,83,12.1,1010.4,1007.4,0.0,0.0,52,0.28,12.3,85,19.8,285.0,2.8000000000000007,7.5,-0.5,0.0,-0.39999999999997726,0.0,,,
2023-12-16,2023-12-13T05:00,14.7,86,12.3,1010.5,1007.5,0.0,0.0,9,0.24,13.6,78,22.3,235.0,2.3999999999999986,8.700000000000001,-0.20000000000000107,0.20000000000000107,0.10000000000002274,0.0,0.0,,
2023-12-16,2023-12-13T06:00,14.6,87,12.4,1010.7,1007.7,0.0,0.0,16,0.22,13.9,73,22.3,190.0,2.1999999999999993,8.4,-0.09999999999999964,0.09999999999999964,0.20000000000004547,0.0,0.0,,
2023-12-16,2023-12-13T07:00,16.4,77,12.4,1010.8,1007.8,0.0,0.0,0,0.43,12.2,76,23.0,205.0,3.9999999999999982,10.8,1.799999999999999,0.0,0.09999999999990905,0.0,0.0,,
2023-12-16,2023-12-13T08:00,19.1,62,11.8,1010.9,1008.0,0.0,0.0,0,0.83,14.1,75,26.6,295.0,7.300000000000001,12.500000000000002,2.700000000000003,-0.5999999999999996,0.10000000000002274,0.0,0.0,,
2023-12-16,2023-12-13T09:00,22.0,45,9.4,1011.1,1008.2,0.0,0.0,0,1.46,17.7,70,34.2,440.0,12.6,16.500000000000004,2.8999999999999986,-2.4000000000000004,0.20000000000004547,0.0,0.0,,
2023-12-16,2023-12-13T10:00,24.5,34,7.4,1010.9,1008.0,0.0,0.0,0,2.04,15.5,86,32.4,580.0,17.1,16.9,2.5,-2.0,-0.20000000000004547,0.0,0.0,,
2023-12-16,2023-12-13T11:00,26.7,25,4.8,1010.7,1007.8,0.0,0.0,0,2.64,15.2,83,33.1,800.0,21.9,17.900000000000002,2.1999999999999993,-2.6000000000000005,-0.1999999999999318,0.0,0.0,0.0,
2023-12-16,2023-12-13T12:00,28.3,20,3.2,1010.3,1007.4,0.0,0.0,0,3.07,14.6,70,33.1,1235.0,25.1,18.5,1.6000000000000014,-1.5999999999999996,-0.40000000000009095,0.0,0.0,0.0,
2023-12-16,2023-12-13T13:00,29.3,18,2.2,1009.7,1006.9,0.0,0.0,0,3.36,11.9,61,32.4,1440.0,27.1,20.5,1.0,-1.0,-0.599999999999909,0.0,0.0,0.0,
2023-12-16,2023-12-13T14:00,30.1,16,1.7,1008.8,1006.0,0.0,0.0,0,3.58,9.2,39,29.2,1610.0,28.400000000000002,20.0,0.8000000000000007,-0.5000000000000002,-0.900000000000091,0.0,0.0,0.0,
2023-12-16,2023-12-13T15:00,30.7,15,1.5,1007.9,1005.1,0.0,0.0,9,3.72,7.6,357,25.6,1690.0,29.2,18.0,0.5999999999999979,-0.19999999999999996,-0.8999999999999773,0.0,0.0,0.0,
2023-12-16,2023-12-13T16:00,30.9,15,1.7,1007.0,1004.2,0.0,0.0,1,3.78,7.8,326,22.7,1785.0,29.2,14.899999999999999,0.1999999999999993,0.19999999999999996,-0.8999999999999773,0.0,0.0,0.0,
2023-12-16,2023-12-13T17:00,30.9,16,1.8,1006.3,1003.5,0.0,0.0,2,3.76,2.6,304,22.3,1905.0,29.099999999999998,19.7,0.0,0.10000000000000009,-0.7000000000000455,0.0,0.0,0.0,
2023-12-16,2023-12-13T18:00,30.6,17,2.9,1005.7,1002.9,0.0,0.0,34,3.63,10.4,134,22.3,970.0,27.700000000000003,11.9,-0.29999999999999716,1.0999999999999999,-0.599999999999909,0.0,0.0,0.0,
2023-12-16,2023-12-13T19:00,29.2,22,5.0,1005.4,1002.6,0.0,0.0,14,3.18,18.3,122,33.5,270.0,24.2,15.2,-1.4000000000000021,2.1,-0.3000000000000682,0.0,0.0,0.0,
2023-12-16,2023-12-13T20:00,27.5,23,4.6,1005.4,1002.5,0.0,0.0,8,2.83,16.9,91,33.1,320.0,22.9,16.200000000000003,-1.6999999999999993,-0.40000000000000036,0.0,0.0,0.0,0.0,
2023-12-16,2023-12-13T21:00,25.1,28,5.5,1005.6,1002.7,0.0,0.0,8,2.28,21.4,61,35.3,455.0,19.6,13.899999999999999,-2.3999999999999986,0.9000000000000004,0.20000000000004547,0.0,0.0,0.0,
2023-12-16,2023-12-13T22:00,24.4,30,5.6,1006.0,1003.1,0.0,0.0,32,2.14,32.3,51,53.3,570.0,18.799999999999997,21.0,-0.7000000000000028,0.09999999999999964,0.39999999999997726,0.0,0.0,0.0,
2023-12-16,2023-12-13T23:00,23.2,35,6.7,1006.4,1003.5,0.0,0.0,4,1.86,31.8,43,54.4,560.0,16.5,22.599999999999998,-1.1999999999999993,1.1000000000000005,0.39999999999997726,0.0,0.0,0.0,0.0
2023-12-16,2023-12-14T00:00,22.4,39,7.9,1006.2,1003.3,0.0,0.0,0,1.64,29.6,27,52.9,510.0,14.499999999999998,23.299999999999997,-0.8000000000000007,1.2000000000000002,-0.1999999999999318,0.0,0.0,0.0,0.0
2023-12-16,2023-12-14T01:00,21.9,43,8.7,1006.0,1003.1,0.0,0.0,0,1.49,26.9,16,49.0,460.0,13.2,22.1,-0.5,0.7999999999999989,-0.20000000000004547,0.0,0.0,0.0,0.0
2023-12-16,2023-12-14T02:00,21.5,48,10.0,1005.5,1002.6,0.0,0.0,0,1.33,26.9,8,44.6,435.0,11.5,17.700000000000003,-0.3999999999999986,1.3000000000000007,-0.5,0.0,0.0,0.0,0.0
2023-12-16,2023-12-14T03:00,21.0,52,10.9,1005.0,1002.1,0.0,0.0,0,1.18,28.4,1,47.2,450.0,10.1,18.800000000000004,-0.5,0.9000000000000004,-0.5,0.0,0.0,0.0,0.0
2023-12-16,2023-12-14T04:00,20.7,54,11.1,1004.8,1001.9,0.0,0.0,0,1.11,29.3,355,47.5,450.0,9.6,18.2,-0.3000000000000007,0.1999999999999993,-0.20000000000004547,0.0,0.0,0.0,0.0
2023-12-16,2023-12-14T05:00,20.1,52,10.0,1004.8,1001.9,0.0,0.0,0,1.13,28.9,356,50.0,420.0,10.100000000000001,21.1,-0.5999999999999979,-1.0999999999999996,0.0,0.0,0.0,0.0,0.0
2023-12-16,2023-12-14T06:00,19.9,42,6.5,1005.1,1002.2,0.0,0.0,1,1.35,25.2,2,47.2,405.0,13.399999999999999,22.000000000000004,-0.20000000000000284,-3.5,0.3000000000000682,0.0,0.0,0.0,0.0
2023-12-16,2023-12-14T07:00,21.1,37,5.7,1005.1,1002.2,0.0,0.0,1,1.58,23.1,5,42.5,455.0,15.400000000000002,19.4,1.2000000000000028,-0.7999999999999998,0.0,0.0,0.0,0.0,0.0
2023-12-16,2023-12-14T08:00,23.5,38,8.3,1004.7,1001.8,0.0,0.0,1,1.79,26.3,358,44.6,515.0,15.2,18.3,2.3999999999999986,2.6000000000000005,-0.39999999999997726,0.0,0.0,0.0,0.0
2023-12-16,2023-12-14T09:00,26.0,45,13.2,1003.9,1001.0,0.0,0.0,8,1.84,30.3,2,52.6,550.0,12.8,22.3,2.5,4.899999999999999,-0.8000000000000682,0.0,0.0,0.0,0.0
2023-12-16,2023-12-14T10:00,28.7,49,16.9,1003.6,1000.8,0.0,0.0,9,2.01,32.4,358,58.3,665.0,11.8,25.9,2.6999999999999993,3.6999999999999993,-0.2999999999999545,0.0,0.0,0.0,0.0
2023-12-16,2023-12-14T11:00,30.6,44,17.1,1003.0,1000.2,0.0,0.0,35,2.44,35.1,354,62.6,995.0,13.5,27.5,1.9000000000000021,0.20000000000000284,-0.6000000000000227,0.0,0.0,0.0,0.0
2023-12-16,2023-12-14T12:00,32.0,36,14.9,1001.8,999.0,0.0,0.0,99,3.05,35.0,356,64.1,1430.0,17.1,29.099999999999994,1.3999999999999986,-2.200000000000001,-1.2000000000000455,0.0,0.0,0.0,0.0
2023-12-16,2023-12-14T13:00,31.5,38,15.6,1000.8,998.0,0.0,0.0,100,2.86,38.2,357,69.5,1485.0,15.9,31.299999999999997,-0.5,0.6999999999999993,-1.0,0.0,0.0,0.0,0.0
2023-12-16,2023-12-14T14:00,29.9,42,15.7,1000.8,998.0,0.0,0.0,100,2.44,40.2,353,71.6,1565.0,14.2,31.39999999999999,-1.6000000000000014,0.09999999999999964,0.0,0.0,0.0,0.0,0.0
2023-12-16,2023-12-14T15:00,30.1,43,16.1,1000.3,997.5,0.0,0.0,100,2.44,36.7,352,70.2,1735.0,14.0,33.5,0.20000000000000284,0.40000000000000213,-0.5,0.0,0.0,0.0,0.0
2023-12-16,2023-12-14T16:00,29.6,43,15.8,1000.8,998.0,1.1,1.1,100,2.36,33.9,343,70.9,550.0,13.8,37.00000000000001,-0.5,-0.3000000000000007,0.5,1.1,1.1,1.1,1.1
2023-12-16,2023-12-14T17:00,25.4,68,19.2,1002.0,999.1,3.9,3.9,100,1.03,19.6,328,63.7,195.0,6.199999999999999,44.1,-4.200000000000003,3.3999999999999986,1.2000000000000455,5.0,5.0,5.0,5.0
2023-12-16,2023-12-14T18:00,23.9,76,19.5,1001.8,998.9,0.7,0.7,100,0.7,16.5,314,33.1,165.0,4.399999999999999,16.6,-1.5,0.3000000000000007,-0.20000000000004547,5.7,5.7,5.7,5.7
2023-12-16,2023-12-14T19:00,22.7,84,20.0,1001.2,998.3,2.4,2.4,92,0.43,15.4,33,34.2,550.0,2.6999999999999993,18.800000000000004,-1.1999999999999993,0.5,-0.599999999999909,7.0,8.1,8.1,8.1
2023-12-16,2023-12-14T20:00,23.4,79,19.6,1001.9,999.0,0.4,0.4,81,0.6,8.1,32,30.2,350.0,3.799999999999997,22.1,0.6999999999999993,-0.3999999999999986,0.6999999999999318,3.4999999999999996,8.5,8.5,8.5
2023-12-16,2023-12-14T21:00,22.4,86,20.0,1002.0,999.1,0.0,0.0,99,0.37,9.5,37,14.8,250.0,2.3999999999999986,5.300000000000001,-1.0,0.3999999999999986,0.10000000000002274,2.8,8.5,8.5,8.5
2023-12-16,2023-12-14T22:00,21.0,92,19.6,1002.3,999.4,0.0,0.0,96,0.21,13.5,29,21.6,165.0,1.3999999999999986,8.100000000000001,-1.3999999999999986,-0.3999999999999986,0.2999999999999545,0.4,7.4,8.5,8.5
2023-12-16,2023-12-14T23:00,20.9,91,19.4,1002.5,999.6,0.0,0.0,100,0.22,15.0,21,26.6,145.0,1.5,11.600000000000001,-0.10000000000000142,-0.20000000000000284,0.20000000000004547,0.0,3.4999999999999996,8.5,8.5
2023-12-16,2023-12-15T00:00,20.5,92,19.2,1002.9,1000.0,0.0,0.0,57,0.19,9.0,355,24.5,165.0,1.3000000000000007,15.5,-0.3999999999999986,-0.1999999999999993,0.39999999999997726,0.0,2.8,8.5,8.5
2023-12-16,2023-12-15T01:00,18.7,95,18.0,1003.5,1000.6,0.0,0.0,5,0.1,7.6,289,14.4,170.0,0.6999999999999993,6.800000000000001,-1.8000000000000007,-1.1999999999999993,0.6000000000000227,0.0,0.4,8.5,8.5
2023-12-16,2023-12-15T02:00,19.6,95,18.7,1003.5,1000.6,0.0,0.0,7,0.12,12.5,309,19.1,185.0,0.9000000000000021,6.600000000000001,0.9000000000000021,0.6999999999999993,0.0,0.0,0.0,8.5,8.5
2023-12-16,2023-12-15T03:00,19.5,94,18.6,1004.2,1001.3,0.0,0.0,11,0.13,16.9,308,27.4,205.0,0.8999999999999986,10.5,-0.10000000000000142,-0.09999999999999787,0.7000000000000455,0.0,0.0,8.5,8.5
2023-12-16,2023-12-15T04:00,19.3,94,18.4,1004.7,1001.8,0.0,0.0,0,0.13,18.1,311,29.5,265.0,0.9000000000000021,11.399999999999999,-0.1999999999999993,-0.20000000000000284,0.5,0.0,0.0,7.4,8.5
2023-12-16,2023-12-15T05:00,19.2,94,18.2,1005.1,1002.2,0.0,0.0,2,0.13,16.8,305,29.9,325.0,1.0,13.099999999999998,-0.10000000000000142,-0.1999999999999993,0.39999999999997726,0.0,0.0,3.4999999999999996,8.5
2023-12-16,2023-12-15T06:00,18.7,94,17.6,1006.0,1003.1,0.0,0.0,32,0.14,11.4,305,27.0,315.0,1.0999999999999979,15.6,-0.5,-0.5999999999999979,0.8999999999999773,0.0,0.0,2.8,8.5
2023-12-16,2023-12-15T07:00,19.5,87,17.3,1006.8,1003.9,0.0,0.0,87,0.29,11.0,302,18.7,375.0,2.1999999999999993,7.699999999999999,0.8000000000000007,-0.3000000000000007,0.7999999999999545,0.0,0.0,0.4,8.5
2023-12-16,2023-12-15T08:00,21.2,65,14.2,1007.3,1004.4,0.0,0.0,12,0.89,8.5,282,18.4,360.0,7.0,9.899999999999999,1.6999999999999993,-3.1000000000000014,0.5,0.0,0.0,0.0,8.5
2023-12-16,2023-12-15T09:00,22.9,41,8.9,1007.2,1004.3,0.0,0.0,1,1.65,4.7,238,18.0,350.0,13.999999999999998,13.3,1.6999999999999993,-5.299999999999999,-0.09999999999990905,0.0,0.0,0.0,8.5
2023-12-16,2023-12-15T10:00,24.4,34,7.4,1007.0,1004.1,0.0,0.0,0,2.03,2.2,261,15.8,370.0,17.0,13.600000000000001,1.5,-1.5,-0.20000000000004547,0.0,0.0,0.0,8.5
2023-12-16,2023-12-15T11:00,26.2,28,6.4,1007.2,1004.3,0.0,0.0,0,2.44,3.7,191,15.8,395.0,19.799999999999997,12.100000000000001,1.8000000000000007,-1.0,0.20000000000004547,0.0,0.0,0.0,8.5
2023-12-16,2023-12-15T12:00,27.7,25,6.0,1006.8,1003.9,0.0,0.0,0,2.77,8.2,151,22.0,440.0,21.7,13.8,1.5,-0.40000000000000036,-0.40000000000009095,0.0,0.0,0.0,8.5
2023-12-16,2023-12-15T13:00,29.1,21,4.3,1007.2,1004.4,0.0,0.0,0,3.2,6.5,87,23.0,535.0,24.8,16.5,1.4000000000000021,-1.7000000000000002,0.40000000000009095,0.0,0.0,0.0,8.5
2023-12-16,2023-12-15T14:00,30.7,19,4.1,1007.1,1004.3,0.0,0.0,0,3.58,10.5,68,24.5,725.0,26.6,14.0,1.5999999999999979,-0.20000000000000018,-0.10000000000002274,0.0,0.0,0.0,8.5
2023-12-16,2023-12-15T15:00,31.5,22,7.4,1006.3,1003.5,0.0,0.0,0,3.58,15.9,62,31.7,1255.0,24.1,15.799999999999999,0.8000000000000007,3.3000000000000007,-0.8000000000000682,0.0,0.0,0.0,8.5
2023-12-16,2023-12-15T16:00,31.9,27,10.7,1005.4,1002.6,0.0,0.0,1,3.45,20.6,57,38.5,1500.0,21.2,17.9,0.3999999999999986,3.299999999999999,-0.8999999999999773,0.0,0.0,0.0,7.4
2023-12-16,2023-12-15T17:00,32.8,26,10.5,1004.3,1001.5,0.0,0.0,2,3.69,24.0,49,42.5,1520.0,22.299999999999997,18.5,0.8999999999999986,-0.1999999999999993,-1.1000000000000227,0.0,0.0,0.0,3.4999999999999996
2023-12-16,2023-12-15T18:00,31.8,32,13.0,1004.0,1001.2,0.0,0.0,9,3.2,24.3,40,45.0,1285.0,18.8,20.7,-0.9999999999999964,2.5,-0.2999999999999545,0.0,0.0,0.0,2.8
2023-12-16,2023-12-15T19:00,31.0,41,16.1,1004.1,1001.3,0.0,0.0,67,2.65,19.6,43,42.1,860.0,14.899999999999999,22.5,-0.8000000000000007,3.1000000000000014,0.10000000000002274,0.0,0.0,0.0,0.4
2023-12-16,2023-12-15T20:00,29.3,48,17.2,1004.2,1001.4,0.0,0.0,46,2.12,14.4,37,32.4,620.0,12.100000000000001,18.0,-1.6999999999999993,1.0999999999999979,0.10000000000002274,0.0,0.0,0.0,0.0
2023-12-16,2023-12-15T21:00,27.3,54,17.3,1004.5,1001.6,0.0,0.0,23,1.65,14.4,37,23.4,665.0,10.0,8.999999999999998,-2.0,0.10000000000000142,0.2999999999999545,0.0,0.0,0.0,0.0
2023-12-16,2023-12-15T22:00,26.5,58,17.7,1005.0,1002.1,0.0,0.0,0,1.44,17.4,34,28.4,775.0,8.8,11.0,-0.8000000000000007,0.3999999999999986,0.5,0.0,0.0,0.0,0.0
2023-12-16,2023-12-15T23:00,26.1,64,18.7,1005.6,1002.7,0.0,0.0,2,1.22,15.4,21,29.2,805.0,7.400000000000002,13.799999999999999,-0.3999999999999986,1.0,0.6000000000000227,0.0,0.0,0.0,0.0
2023-12-16,2023-12-16T00:00,25.4,71,19.6,1005.4,1002.5,0.0,0.0,2,0.95,14.3,25,25.2,800.0,5.799999999999997,10.899999999999999,-0.7000000000000028,0.9000000000000021,-0.20000000000004547,0.0,0.0,0.0,0.0
2023-12-16,2023-12-16T01:00,24.9,75,20.1,1005.3,1002.4,0.0,0.0,15,0.8,10.0,13,23.4,885.0,4.799999999999997,13.399999999999999,-0.5,0.5,-0.10000000000002274,0.0,0.0,0.0,0.0
2023-12-16,2023-12-16T02:00,24.4,78,20.2,1004.9,1002.0,0.0,0.0,0,0.68,9.8,24,16.2,950.0,4.199999999999999,6.399999999999999,-0.5,0.09999999999999787,-0.39999999999997726,0.0,0.0,0.0,0.0
2023-12-16,2023-12-16T03:00,24.3,79,20.3,1004.5,1001.6,0.0,0.0,1,0.65,12.3,32,19.1,880.0,4.0,6.800000000000001,-0.09999999999999787,0.10000000000000142,-0.39999999999997726,0.0,0.0,0.0,0.0
2023-12-16,2023-12-16T04:00,24.2,80,20.5,1004.1,1001.2,0.0,0.0,3,0.62,14.4,32,23.0,710.0,3.6999999999999993,8.6,-0.10000000000000142,0.1999999999999993,-0.39999999999997726,0.0,0.0,0.0,0.0
2023-12-16,2023-12-16T05:00,23.8,82,20.5,1004.3,1001.4,0.0,0.0,1,0.54,12.0,33,23.4,470.0,3.3000000000000007,11.399999999999999,-0.3999999999999986,0.0,0.1999999999999318,0.0,0.0,0.0,0.0
2023-12-16,2023-12-16T06:00,23.6,83,20.6,1004.2,1001.3,0.0,0.0,5,0.49,14.8,34,23.4,355.0,3.0,8.599999999999998,-0.1999999999999993,0.10000000000000142,-0.09999999999990905,0.0,0.0,0.0,0.0
2023-12-16,2023-12-16T07:00,25.3,76,20.7,1004.3,1001.4,0.0,0.0,26,0.78,18.4,26,29.9,175.0,4.600000000000001,11.5,1.6999999999999993,0.09999999999999787,0.09999999999990905,0.0,0.0,0.0,0.0
2023-12-16,2023-12-16T08:00,26.9,71,21.2,1004.4,1001.5,0.0,0.0,100,1.03,14.5,27,33.8,400.0,5.699999999999999,19.299999999999997,1.5999999999999979,0.5,0.10000000000002274,0.0,0.0,0.0,0.0
2023-12-16,2023-12-16T09:00,28.2,68,21.7,1004.1,1001.3,0.0,0.0,100,1.24,19.8,16,34.9,555.0,6.5,15.099999999999998,1.3000000000000007,0.5,-0.2999999999999545,0.0,0.0,0.0,0.0
2023-12-16,2023-12-16T10:00,28.6,66,21.7,1004.6,1001.8,0.1,0.1,100,1.33,20.9,24,41.8,685.0,6.900000000000002,20.9,0.40000000000000213,0.0,0.5,0.1,0.1,0.1,0.1
2023-12-16,2023-12-16T11:00,28.0,70,22.1,1004.7,1001.9,0.3,0.3,100,1.12,20.0,18,37.8,470.0,5.899999999999999,17.799999999999997,-0.6000000000000014,0.40000000000000213,0.10000000000002274,0.4,0.4,0.4,0.4
2023-12-16,2023-12-16T12:00,27.9,73,22.5,1004.1,1001.3,0.3,0.3,100,1.02,18.4,51,33.5,135.0,5.399999999999999,15.100000000000001,-0.10000000000000142,0.3999999999999986,-0.6000000000000227,0.7,0.7,0.7,0.7
2023-12-16,2023-12-16T13:00,30.4,60,21.7,1002.5,999.7,0.0,0.0,100,1.75,31.7,39,52.9,345.0,8.7,21.2,2.5,-0.8000000000000007,-1.6000000000000227,0.6,0.7,0.7,0.7
2023-12-16,2023-12-16T14:00,32.3,54,21.8,1001.8,999.0,0.1,0.1,100,2.21,36.7,18,64.8,485.0,10.499999999999996,28.099999999999994,1.8999999999999986,0.10000000000000142,-0.7000000000000455,0.4,0.7999999999999999,0.7999999999999999,0.7999999999999999
2023-12-16,2023-12-16T15:00,29.6,60,21.0,999.4,996.6,0.0,0.0,71,1.65,27.2,32,63.7,270.0,8.600000000000001,36.5,-2.6999999999999957,-0.8000000000000007,-2.3999999999999773,0.1,0.7999999999999999,0.7999999999999999,0.7999999999999999
2023-12-16,2023-12-16T16:00,31.6,56,21.9,998.1,995.3,0.0,0.0,64,2.02,25.9,29,49.7,325.0,9.700000000000003,23.800000000000004,2.0,0.8999999999999986,-1.2999999999999545,0.1,0.7,0.7999999999999999,0.7999999999999999
2023-12-16,2023-12-16T17:00,32.3,51,20.8,997.2,994.4,0.0,0.0,100,2.38,26.3,17,51.5,495.0,11.499999999999996,25.2,0.6999999999999957,-1.0999999999999979,-0.8999999999999773,0.0,0.4,0.7999999999999999,0.7999999999999999
2023-12-16,2023-12-16T18:00,30.6,57,21.0,997.2,994.4,0.0,0.0,100,1.9,12.2,14,46.1,560.0,9.600000000000001,33.900000000000006,-1.6999999999999957,0.1999999999999993,0.0,0.0,0.1,0.7999999999999999,0.7999999999999999
2023-12-16,2023-12-16T19:00,25.0,90,23.2,999.3,996.4,13.4,13.4,100,0.32,16.9,271,30.2,810.0,1.8000000000000007,13.3,-5.600000000000001,2.1999999999999993,2.099999999999909,13.4,13.5,14.200000000000001,14.200000000000001
2023-12-16,2023-12-16T20:00,24.6,92,23.2,999.8,996.9,17.9,17.9,100,0.24,5.2,348,28.8,660.0,1.4000000000000021,23.6,-0.3999999999999986,0.0,0.5,31.299999999999997,31.299999999999997,32.1,32.1
2023-12-16,2023-12-16T21:00,24.4,93,23.1,999.3,996.4,5.5,5.5,100,0.22,14.9,32,23.0,450.0,1.2999999999999972,8.1,-0.20000000000000284,-0.09999999999999787,-0.5,36.8,36.8,37.6,37.6
2023-12-16,2023-12-16T22:00,23.1,92,21.7,999.4,996.5,3.0,3.0,100,0.24,6.3,31,18.0,270.0,1.4000000000000021,11.7,-1.2999999999999972,-1.4000000000000021,0.10000000000002274,26.4,39.8,40.5,40.6
2023-12-16,2023-12-16T23:00,23.6,87,21.4,998.6,995.7,0.7,0.7,100,0.36,19.8,19,39.2,210.0,2.200000000000003,19.400000000000002,0.5,-0.3000000000000007,-0.7999999999999545,9.2,40.5,40.900000000000006,41.300000000000004
2023-12-16,2023-12-17T00:00,22.2,92,20.9,999.5,996.6,3.1,3.1,100,0.2,21.5,249,34.2,490.0,1.3000000000000007,12.700000000000003,-1.4000000000000021,-0.5,0.8999999999999773,6.800000000000001,43.6,43.7,44.400000000000006
2023-12-16,2023-12-17T01:00,21.9,92,20.6,1000.1,997.2,2.6,2.6,100,0.2,13.7,268,39.6,590.0,1.2999999999999972,25.900000000000002,-0.3000000000000007,-0.29999999999999716,0.6000000000000227,6.4,32.8,46.300000000000004,47.00000000000001
2023-12-16,2023-12-17T02:00,21.4,92,20.0,1000.1,997.2,0.0,0.0,100,0.2,15.0,291,24.5,510.0,1.3999999999999986,9.5,-0.5,-0.6000000000000014,0.0,5.7,14.899999999999999,46.2,47.00000000000001
2023-12-16,2023-12-17T03:00,21.3,92,20.0,999.0,996.1,0.0,0.0,100,0.19,9.8,294,25.2,440.0,1.3000000000000007,15.399999999999999,-0.09999999999999787,0.0,-1.1000000000000227,2.6,9.4,46.2,47.00000000000001
2023-12-16,2023-12-17T04:00,21.1,95,20.2,999.2,996.3,0.0,0.0,100,0.13,6.4,297,16.9,455.0,0.9000000000000021,10.499999999999998,-0.1999999999999993,0.1999999999999993,0.20000000000004547,0.0,6.4,46.2,47.00000000000001
2023-12-16,2023-12-17T05:00,20.9,96,20.2,999.6,996.7,0.0,0.0,100,0.1,4.6,321,10.4,495.0,0.6999999999999993,5.800000000000001,-0.20000000000000284,0.0,0.39999999999997726,0.0,5.7,46.2,47.00000000000001
2023-12-16,2023-12-17T06:00,21.5,95,20.7,1001.4,998.5,0.0,0.0,100,0.12,8.4,320,13.7,655.0,0.8000000000000007,5.299999999999999,0.6000000000000014,0.5,1.7999999999999545,0.0,2.6,46.2,47.00000000000001
2023-12-16,2023-12-17T07:00,21.8,87,19.5,1001.6,998.7,0.0,0.0,100,0.35,20.2,268,32.0,655.0,2.3000000000000007,11.8,0.3000000000000007,-1.1999999999999993,0.20000000000004547,0.0,0.0,32.8,47.00000000000001
2023-12-16,2023-12-17T08:00,22.4,76,18.1,1003.2,1000.3,0.0,0.0,96,0.64,24.1,248,41.8,660.0,4.299999999999997,17.699999999999996,0.5999999999999979,-1.3999999999999986,1.6000000000000227,0.0,0.0,14.899999999999999,47.00000000000001
2023-12-16,2023-12-17T09:00,23.6,67,17.1,1003.9,1001.0,0.0,0.0,76,0.97,23.6,236,44.6,700.0,6.5,21.0,1.2000000000000028,-1.0,0.6999999999999318,0.0,0.0,9.4,47.00000000000001
2023-12-16,2023-12-17T10:00,24.0,47,12.1,1006.2,1003.3,0.0,0.0,0,1.57,20.2,268,37.8,820.0,11.9,17.599999999999998,0.3999999999999986,-5.000000000000002,2.300000000000068,0.0,0.0,6.4,46.900000000000006
2023-12-16,2023-12-17T11:00,25.1,43,11.8,1006.5,1003.6,0.0,0.0,3,1.8,23.3,261,43.2,950.0,13.3,19.900000000000002,1.1000000000000014,-0.29999999999999893,0.2999999999999545,0.0,0.0,5.7,46.60000000000001
2023-12-16,2023-12-17T12:00,26.9,33,9.2,1006.7,1003.8,0.0,0.0,3,2.38,26.1,247,47.2,1085.0,17.7,21.1,1.7999999999999972,-2.6000000000000014,0.20000000000004547,0.0,0.0,2.6,46.300000000000004
2023-12-16,2023-12-17T13:00,27.4,22,3.6,1007.0,1004.1,0.0,0.0,2,2.86,30.9,253,56.2,1190.0,23.799999999999997,25.300000000000004,0.5,-5.6,0.2999999999999545,0.0,0.0,0.0,46.300000000000004
2023-12-16,2023-12-17T14:00,28.2,19,2.7,1007.0,1004.2,0.0,0.0,41,3.07,30.8,259,55.8,1805.0,25.5,24.999999999999996,0.8000000000000007,-0.8999999999999999,0.0,0.0,0.0,0.0,46.2
2023-12-16,2023-12-17T15:00,27.2,19,1.3,1007.4,1004.5,0.0,0.0,6,2.93,33.7,250,59.4,1865.0,25.9,25.699999999999996,-1.0,-1.4000000000000001,0.39999999999997726,0.0,0.0,0.0,46.2
2023-12-16,2023-12-17T16:00,26.5,22,2.7,1008.3,1005.4,0.0,0.0,28,2.71,30.4,251,60.1,2305.0,23.8,29.700000000000003,-0.6999999999999993,1.4000000000000001,0.8999999999999773,0.0,0.0,0.0,46.2
2023-12-16,2023-12-17T17:00,25.7,23,3.0,1008.3,1005.4,0.0,0.0,7,2.55,27.7,257,54.0,2380.0,22.7,26.3,-0.8000000000000007,0.2999999999999998,0.0,0.0,0.0,0.0,46.2
2023-12-16,2023-12-17T18:00,25.2,26,4.6,1008.3,1005.4,0.0,0.0,15,2.36,26.1,263,48.2,2160.0,20.6,22.1,-0.5,1.5999999999999996,0.0,0.0,0.0,0.0,46.2
2023-12-16,2023-12-17T19:00,24.3,28,4.4,1009.0,1006.1,0.0,0.0,10,2.2,22.3,261,45.0,1455.0,19.9,22.7,-0.8999999999999986,-0.1999999999999993,0.7000000000000455,0.0,0.0,0.0,32.8
2023-12-16,2023-12-17T20:00,22.9,31,4.7,1009.7,1006.8,0.0,0.0,25,1.94,14.3,258,37.4,695.0,18.2,23.099999999999998,-1.4000000000000021,0.2999999999999998,0.7000000000000455,0.0,0.0,0.0,14.899999999999999
2023-12-16,2023-12-17T21:00,21.3,33,4.4,1010.4,1007.5,0.0,0.0,0,1.7,9.7,272,23.0,520.0,16.9,13.3,-1.5999999999999979,-0.2999999999999998,0.6999999999999318,0.0,0.0,0.0,9.4
2023-12-16,2023-12-17T22:00,18.4,54,8.8,1013.8,1010.8,0.0,0.0,1,0.98,24.9,183,51.5,715.0,9.599999999999998,26.6,-2.900000000000002,4.4,3.3999999999999773,0.0,0.0,0.0,6.4
2023-12-16,2023-12-17T23:00,16.7,61,9.2,1015.8,1012.8,0.0,0.0,1,0.74,22.1,186,41.4,730.0,7.5,19.299999999999997,-1.6999999999999993,0.3999999999999986,2.0,0.0,0.0,0.0,5.7
2025-03-07,2025-03-04T00:00,20.7,86,18.3,1013.6,1010.7,0.1,0.1,89,0.34,12.5,120,26.3,375.0,2.3999999999999986,13.8,,,,,,,
2025-03-07,2025-03-04T01:00,20.2,87,18.0,1013.3,1010.4,0.0,0.0,94,0.3,12.1,110,25.6,365.0,2.1999999999999993,13.500000000000002,-0.5,-0.3000000000000007,-0.3000000000000682,,,,
2025-03-07,2025-03-04T02:00,19.7,88,17.6,1012.9,1010.0,0.0,0.0,56,0.28,12.0,99,23.4,300.0,2.099999999999998,11.399999999999999,-0.5,-0.3999999999999986,-0.39999999999997726,0.1,,,
2025-03-07,2025-03-04T03:00,19.7,90,18.0,1012.0,1009.1,0.0,0.0,46,0.22,13.7,80,26.3,315.0,1.6999999999999993,12.600000000000001,0.0,0.3999999999999986,-0.8999999999999773,0.0,,,
2025-03-07,2025-03-04T04:00,20.2,93,18.9,1011.1,1008.2,0.0,0.0,59,0.18,11.8,73,27.4,295.0,1.3000000000000007,15.599999999999998,0.5,0.8999999999999986,-0.8999999999999773,0.0,,,
2025-03-07,2025-03-04T05:00,20.2,95,19.4,1011.0,1008.1,0.0,0.0,58,0.12,11.4,51,22.3,265.0,0.8000000000000007,10.9,0.0,0.5,-0.10000000000002274,0.0,0.1,,
2025-03-07,2025-03-04T06:00,20.4,95,19.6,1011.0,1008.1,0.0,0.0,100,0.12,10.9,39,22.0,230.0,0.7999999999999972,11.1,0.1999999999999993,0.20000000000000284,0.0,0.0,0.0,,
2025-03-07,2025-03-04T07:00,20.2,95,19.3,1010.8,1007.9,0.0,0.0,100,0.13,7.2,28,20.2,140.0,0.8999999999999986,13.0,-0.1999999999999993,-0.3000000000000007,-0.20000000000004547,0.0,0.0,,
2025-03-07,2025-03-04T08:00,21.1,89,19.2,1010.7,1007.8,0.0,0.0,100,0.27,7.9,21,16.2,145.0,1.9000000000000021,8.299999999999999,0.9000000000000021,-0.10000000000000142,-0.09999999999990905,0.0,0.0,,
2025-03-07,2025-03-04T09:00,23.1,80,19.4,1010.3,1007.4,0.0,0.0,68,0.57,7.2,27,18.4,300.0,3.700000000000003,11.2,2.0,0.1999999999999993,-0.40000000000009095,0.0,0.0,,
2025-03-07,2025-03-04T10:00,24.5,78,20.4,1010.3,1007.4,0.3,0.3,71,0.67,10.5,31,25.2,395.0,4.100000000000001,14.7,1.3999999999999986,1.0,0.0,0.3,0.3,,
2025-03-07,2025-03-04T11:00,25.8,76,21.3,1010.4,1007.5,0.5,0.5,100,0.8,12.7,11,29.5,790.0,4.5,16.8,1.3000000000000007,0.9000000000000021,0.10000000000002274,0.8,0.8,0.9,
2025-03-07,2025-03-04T12:00,26.6,68,20.2,1010.4,1007.5,0.0,0.0,100,1.12,20.7,350,42.8,895.0,6.400000000000002,22.099999999999998,0.8000000000000007,-1.1000000000000014,0.0,0.8,0.8,0.8,
2025-03-07,2025-03-04T13:00,27.7,64,20.2,1009.1,1006.2,0.1,0.1,100,1.35,24.3,2,51.8,1150.0,7.5,27.499999999999996,1.0999999999999979,0.0,-1.2999999999999545,0.6,0.9,0.9,
2025-03-07,2025-03-04T14:00,27.9,62,20.1,1007.8,1004.9,0.0,0.0,100,1.41,22.2,352,52.6,1005.0,7.799999999999997,30.400000000000002,0.1999999999999993,-0.09999999999999787,-1.3000000000000682,0.1,0.9,0.9,
2025-03-07,2025-03-04T15:00,30.5,52,19.4,1007.0,1004.2,0.0,0.0,100,2.1,21.0,336,48.2,1295.0,11.100000000000001,27.200000000000003,2.6000000000000014,-0.7000000000000028,-0.7999999999999545,0.1,0.9,0.9,
2025-03-07,2025-03-04T16:00,29.7,56,20.0,1006.7,1003.9,0.0,0.0,100,1.83,20.2,327,49.0,1405.0,9.7,28.8,-0.8000000000000007,0.6000000000000014,-0.2999999999999545,0.0,0.6,0.9,
2025-03-07,2025-03-04T17:00,28.5,63,20.6,1006.7,1003.9,0.0,0.0,100,1.45,16.2,322,42.8,1290.0,7.899999999999999,26.599999999999998,-1.1999999999999993,0.6000000000000014,0.0,0.0,0.1,0.9,
2025-03-07,2025-03-04T18:00,27.1,71,21.4,1006.6,1003.7,0.1,0.1,100,1.05,15.9,325,33.8,935.0,5.700000000000003,17.9,-1.3999999999999986,0.7999999999999972,-0.10000000000002274,0.1,0.2,1.0,
2025-03-07,2025-03-04T19:00,26.7,73,21.4,1006.5,1003.6,0.0,0.0,100,0.95,13.5,323,31.7,800.0,5.300000000000001,18.2,-0.40000000000000213,0.0,-0.10000000000002274,0.1,0.1,1.0,
2025-03-07,2025-03-04T20:00,25.9,77,21.5,1006.4,1003.5,0.0,0.0,97,0.78,10.4,312,26.3,605.0,4.399999999999999,15.9,-0.8000000000000007,0.10000000000000142,-0.10000000000002274,0.1,0.1,1.0,
2025-03-07,2025-03-04T21:00,24.8,83,21.7,1007.1,1004.2,0.0,0.0,100,0.54,10.1,329,19.8,325.0,3.1000000000000014,9.700000000000001,-1.0999999999999979,0.1999999999999993,0.7000000000000455,0.0,0.1,1.0,
2025-03-07,2025-03-04T22:00,24.6,82,21.3,1007.7,1004.8,0.0,0.0,100,0.56,11.9,342,22.0,360.0,3.3000000000000007,10.1,-0.1999999999999993,-0.3999999999999986,0.6000000000000227,0.0,0.1,0.7,
2025-03-07,2025-03-04T23:00,24.5,82,21.2,1007.8,1004.9,0.0,0.0,99,0.55,13.9,340,26.3,390.0,3.3000000000000007,12.4,-0.10000000000000142,-0.10000000000000142,0.09999999999990905,0.0,0.1,0.2,1.1
2025-03-07,2025-03-05T00:00,24.2,83,21.2,1008.1,1005.2,0.0,0.0,100,0.5,13.6,330,26.6,355.0,3.0,13.000000000000002,-0.3000000000000007,0.0,0.3000000000000682,0.0,0.0,0.2,1.0
2025-03-07,2025-03-05T01:00,23.9,86,21.3,1008.4,1005.5,0.0,0.0,100,0.42,14.3,333,27.0,325.0,2.599999999999998,12.7,-0.3000000000000007,0.10000000000000142,0.2999999999999545,0.0,0.0,0.1,1.0
2025-03-07,2025-03-05T02:00,23.6,87,21.3,1008.5,1005.6,0.0,0.0,13,0.37,15.4,334,29.5,310.0,2.3000000000000007,14.1,-0.29999999999999716,0.0,0.10000000000002274,0.0,0.0,0.1,1.0
2025-03-07,2025-03-05T03:00,23.1,89,21.3,1008.3,1005.4,0.0,0.0,0,0.3,13.6,332,29.5,290.0,1.8000000000000007,15.9,-0.5,0.0,-0.20000000000004547,0.0,0.0,0.1,1.0
2025-03-07,2025-03-05T04:00,22.6,92,21.3,1008.1,1005.2,0.0,0.0,13,0.21,10.5,333,25.6,220.0,1.3000000000000007,15.100000000000001,-0.5,0.0,-0.1999999999999318,0.0,0.0,0.1,1.0
2025-03-07,2025-03-05T05:00,22.2,94,21.2,1008.9,1006.0,0.0,0.0,96,0.17,11.9,335,21.6,230.0,1.0,9.700000000000001,-0.40000000000000213,-0.10000000000000142,0.7999999999999545,0.0,0.0,0.1,1.0
2025-03-07,2025-03-05T06:00,22.1,94,21.1,1008.9,1006.0,0.0,0.0,76,0.16,7.7,336,23.8,205.0,1.0,16.1,-0.09999999999999787,-0.09999999999999787,0.0,0.0,0.0,0.0,1.0
2025-03-07,2025-03-05T07:00,21.6,93,20.4,1009.9,1007.0,0.0,0.0,100,0.18,12.8,340,24.1,245.0,1.2000000000000028,11.3,-0.5,-0.7000000000000028,1.0,0.0,0.0,0.0,1.0
2025-03-07,2025-03-05T08:00,22.0,87,19.8,1010.3,1007.4,0.0,0.0,100,0.33,9.3,350,24.5,205.0,2.1999999999999993,15.2,0.3999999999999986,-0.5999999999999979,0.39999999999997726,0.0,0.0,0.0,1.0
2025-03-07,2025-03-05T09:00,22.6,84,19.8,1009.9,1007.0,0.0,0.0,100,0.44,4.9,309,17.3,190.0,2.8000000000000007,12.4,0.6000000000000014,0.0,-0.39999999999997726,0.0,0.0,0.0,1.0
2025-03-07,2025-03-05T10:00,22.8,92,21.5,1011.2,1008.3,0.6,0.6,100,0.21,3.6,351,18.0,115.0,1.3000000000000007,14.4,0.1999999999999993,1.6999999999999993,1.3000000000000682,0.6,0.6,0.6,1.2999999999999998
2025-03-07,2025-03-05T11:00,23.4,90,21.6,1010.3,1007.4,0.3,0.3,100,0.29,5.5,107,12.6,135.0,1.7999999999999972,7.1,0.5999999999999979,0.10000000000000142,-0.900000000000091,0.8999999999999999,0.8999999999999999,0.8999999999999999,1.1
2025-03-07,2025-03-05T12:00,22.9,93,21.7,1010.0,1007.1,1.8,1.8,100,0.2,9.1,97,15.5,380.0,1.1999999999999993,6.4,-0.5,0.09999999999999787,-0.2999999999999545,2.7,2.7,2.7,2.9000000000000004
2025-03-07,2025-03-05T13:00,21.7,90,20.0,1009.6,1006.7,3.8,3.8,100,0.26,12.3,112,23.0,350.0,1.6999999999999993,10.7,-1.1999999999999993,-1.6999999999999993,-0.39999999999997726,5.9,6.5,6.5,6.6
2025-03-07,2025-03-05T14:00,22.5,85,19.9,1009.2,1006.3,1.1,1.1,100,0.41,12.5,115,25.6,370.0,2.6000000000000014,13.100000000000001,0.8000000000000007,-0.10000000000000142,-0.39999999999997726,6.699999999999999,7.6,7.6,7.699999999999999
2025-03-07,2025-03-05T15:00,23.8,82,20.6,1008.7,1005.8,0.2,0.2,100,0.53,16.6,91,34.9,535.0,3.1999999999999993,18.299999999999997,1.3000000000000007,0.7000000000000028,-0.5,5.1000000000000005,7.8,7.8,7.8999999999999995
2025-03-07,2025-03-05T16:00,26.0,73,20.7,1008.2,1005.3,0.0,0.0,100,0.91,18.3,76,39.6,680.0,5.300000000000001,21.3,2.1999999999999993,0.09999999999999787,-0.5,1.3,7.2,7.8,7.8999999999999995
2025-03-07,2025-03-05T17:00,26.5,74,21.4,1007.5,1004.6,0.0,0.0,100,0.9,16.7,60,39.6,585.0,5.100000000000001,22.900000000000002,0.5,0.6999999999999993,-0.7000000000000455,0.2,6.8999999999999995,7.8,7.8999999999999995
2025-03-07,2025-03-05T18:00,26.7,73,21.4,1007.0,1004.1,0.0,0.0,30,0.95,12.3,60,35.3,650.0,5.300000000000001,22.999999999999996,0.1999999999999993,0.0,-0.5,0.0,5.1000000000000005,7.8,7.8
2025-03-07,2025-03-05T19:00,26.4,75,21.6,1006.7,1003.8,0.0,0.0,100,0.86,8.6,67,25.9,570.0,4.799999999999997,17.299999999999997,-0.3000000000000007,0.20000000000000284,-0.2999999999999545,0.0,1.3,7.8,7.8
2025-03-07,2025-03-05T20:00,25.0,81,21.4,1006.6,1003.7,0.0,0.0,94,0.61,9.9,78,19.4,325.0,3.6000000000000014,9.499999999999998,-1.3999999999999986,-0.20000000000000284,-0.10000000000002274,0.0,0.2,7.8,7.8
2025-03-07,2025-03-05T21:00,24.0,86,21.4,1007.9,1005.0,0.9,0.9,100,0.43,6.9,57,23.0,195.0,2.6000000000000014,16.1,-1.0,0.0,1.2999999999999545,0.9,0.9,8.7,8.7
2025-03-07,2025-03-05T22:00,20.4,94,19.4,1009.2,1006.3,0.0,0.0,100,0.15,4.4,69,8.6,85.0,1.0,4.199999999999999,-3.6000000000000014,-2.0,1.3000000000000682,0.9,0.9,8.1,8.7
2025-03-07,2025-03-05T23:00,20.5,92,19.1,1009.6,1006.7,0.0,0.0,100,0.2,6.9,60,11.9,70.0,1.3999999999999986,5.0,0.10000000000000142,-0.29999999999999716,0.39999999999997726,0.9,0.9,7.8,8.7
2025-03-07,2025-03-06T00:00,20.1,93,19.0,1009.4,1006.5,0.0,0.0,100,0.16,6.1,43,15.1,55.0,1.1000000000000014,9.0,-0.3999999999999986,-0.10000000000000142,-0.20000000000004547,0.0,0.9,6.000000000000001,8.7
2025-03-07,2025-03-06T01:00,19.9,94,18.9,1010.2,1007.3,0.0,0.0,100,0.13,4.6,36,11.5,40.0,1.0,6.9,-0.20000000000000284,-0.10000000000000142,0.8000000000000682,0.0,0.9,2.2,8.7
2025-03-07,2025-03-06T02:00,20.4,92,19.0,1010.0,1007.1,0.0,0.0,100,0.19,0.6,146,13.7,15.0,1.3999999999999986,13.1,0.5,0.10000000000000142,-0.20000000000004547,0.0,0.9,1.1,8.7
2025-03-07,2025-03-06T03:00,20.3,93,19.2,1009.3,1006.4,0.0,0.0,100,0.16,4.3,152,8.3,30.0,1.1000000000000014,4.000000000000001,-0.09999999999999787,0.1999999999999993,-0.7000000000000455,0.0,0.0,0.9,8.7
2025-03-07,2025-03-06T04:00,20.1,92,18.7,1009.3,1006.4,0.1,0.1,100,0.2,8.2,105,15.1,45.0,1.4000000000000021,6.9,-0.1999999999999993,-0.5,0.0,0.1,0.1,1.0,8.799999999999999
2025-03-07,2025-03-06T05:00,19.7,95,18.9,1009.7,1006.8,3.5,3.5,100,0.11,6.9,139,29.9,60.0,0.8000000000000007,23.0,-0.40000000000000213,0.1999999999999993,0.40000000000009095,3.6,3.6,4.5,12.299999999999999
2025-03-07,2025-03-06T06:00,20.3,93,19.1,1008.8,1005.9,1.2,1.2,100,0.17,10.4,92,27.7,185.0,1.1999999999999993,17.299999999999997,0.6000000000000014,0.20000000000000284,-0.900000000000091,4.8,4.8,5.7,13.499999999999998
2025-03-07,2025-03-06T07:00,20.4,92,19.1,1009.1,1006.2,15.3,15.3,100,0.19,3.7,119,19.4,70.0,1.2999999999999972,15.7,0.09999999999999787,0.0,0.3000000000000682,20.0,20.1,21.0,28.799999999999997
2025-03-07,2025-03-06T08:00,20.9,93,19.7,1009.9,1007.0,4.3,4.3,100,0.17,11.3,132,25.9,140.0,1.1999999999999993,14.599999999999998,0.5,0.5999999999999979,0.7999999999999545,20.8,24.400000000000002,25.3,33.099999999999994
2025-03-07,2025-03-06T09:00,21.2,93,20.0,1010.4,1007.5,21.5,21.5,100,0.17,14.5,135,40.7,180.0,1.1999999999999993,26.200000000000003,0.3000000000000007,0.3000000000000007,0.5,41.1,45.900000000000006,45.900000000000006,54.599999999999994
2025-03-07,2025-03-06T10:00,22.1,92,20.7,1010.6,1007.7,0.0,0.0,100,0.22,4.8,48,12.2,120.0,1.4000000000000021,7.3999999999999995,0.9000000000000021,0.6999999999999993,0.20000000000004547,25.8,45.8,45.900000000000006,54.0
2025-03-07,2025-03-06T11:00,23.4,84,20.6,1010.6,1007.7,0.0,0.0,100,0.45,6.4,32,16.9,385.0,2.799999999999997,10.499999999999998,1.2999999999999972,-0.09999999999999787,0.0,21.5,42.3,45.900000000000006,53.699999999999996
2025-03-07,2025-03-06T12:00,24.8,78,20.8,1010.0,1007.1,0.0,0.0,100,0.67,4.1,15,16.6,525.0,4.0,12.500000000000002,1.4000000000000021,0.1999999999999993,-0.6000000000000227,0.0,41.1,45.900000000000006,51.900000000000006
2025-03-07,2025-03-06T13:00,26.5,69,20.4,1009.9,1007.0,0.0,0.0,100,1.07,15.7,340,34.2,870.0,6.100000000000001,18.500000000000004,1.6999999999999993,-0.40000000000000213,-0.10000000000002274,0.0,25.8,45.900000000000006,48.1
2025-03-07,2025-03-06T14:00,26.5,69,20.3,1009.5,1006.6,0.0,0.0,100,1.09,15.9,321,36.0,930.0,6.199999999999999,20.1,0.0,-0.09999999999999787,-0.39999999999997726,0.0,21.5,45.900000000000006,47.0
2025-03-07,2025-03-06T15:00,27.5,64,20.2,1009.2,1006.3,0.0,0.0,100,1.3,14.8,319,35.6,1090.0,7.300000000000001,20.8,1.0,-0.10000000000000142,-0.2999999999999545,0.0,0.0,45.900000000000006,46.8
2025-03-07,2025-03-06T16:00,28.1,61,19.9,1008.9,1006.0,0.0,0.0,100,1.48,16.4,312,37.1,1205.0,8.200000000000003,20.700000000000003,0.6000000000000014,-0.3000000000000007,-0.3000000000000682,0.0,0.0,45.8,46.8
2025-03-07,2025-03-06T17:00,28.5,60,19.9,1008.5,1005.6,0.0,0.0,100,1.56,13.7,310,37.8,1280.0,8.600000000000001,24.099999999999998,0.3999999999999986,0.0,-0.39999999999997726,0.0,0.0,42.3,46.8
2025-03-07,2025-03-06T18:00,28.3,62,20.3,1008.4,1005.5,0.0,0.0,100,1.46,9.8,306,28.4,1075.0,8.0,18.599999999999998,-0.1999999999999993,0.40000000000000213,-0.10000000000002274,0.0,0.0,41.1,46.8
2025-03-07,2025-03-06T19:00,27.0,74,22.1,1008.6,1005.7,0.0,0.0,97,0.91,3.6,315,18.7,165.0,4.899999999999999,15.1,-1.3000000000000007,1.8000000000000007,0.20000000000004547,0.0,0.0,25.8,46.8
2025-03-07,2025-03-06T20:00,25.4,75,20.7,1009.1,1006.2,0.0,0.0,25,0.81,1.8,6,5.0,25.0,4.699999999999999,3.2,-1.6000000000000014,-1.4000000000000021,0.5,0.0,0.0,21.5,46.8
2025-03-07,2025-03-06T21:00,24.0,81,20.6,1010.0,1007.1,0.0,0.0,44,0.56,4.0,32,5.8,50.0,3.3999999999999986,1.7999999999999998,-1.3999999999999986,-0.09999999999999787,0.8999999999999773,0.0,0.0,0.0,45.900000000000006
2025-03-07,2025-03-06T22:00,23.9,85,21.1,1010.1,1007.2,0.0,0.0,77,0.45,4.9,4,14.0,50.0,2.799999999999997,9.1,-0.10000000000000142,0.5,0.10000000000002274,0.0,0.0,0.0,45.900000000000006
2025-03-07,2025-03-06T23:00,23.6,85,21.0,1010.2,1007.3,0.0,0.0,79,0.43,8.9,8,14.4,90.0,2.6000000000000014,5.5,-0.29999999999999716,-0.10000000000000142,0.10000000000002274,0.0,0.0,0.0,45.900000000000006
2025-03-07,2025-03-07T00:00,24.2,81,20.6,1010.8,1007.9,0.0,0.0,84,0.58,16.4,347,32.0,330.0,3.599999999999998,15.600000000000001,0.5999999999999979,-0.3999999999999986,0.599999999999909,0.0,0.0,0.0,45.900000000000006
2025-03-07,2025-03-07T01:00,24.0,80,20.2,1010.3,1007.4,0.0,0.0,100,0.61,13.9,357,31.7,270.0,3.8000000000000007,17.799999999999997,-0.1999999999999993,-0.40000000000000213,-0.5,0.0,0.0,0.0,45.900000000000006
2025-03-07,2025-03-07T02:00,23.4,81,19.9,1009.7,1006.8,0.1,0.1,100,0.55,12.4,1,25.9,235.0,3.5,13.499999999999998,-0.6000000000000014,-0.3000000000000007,-0.599999999999909,0.1,0.1,0.1,46.00000000000001
2025-03-07,2025-03-07T03:00,23.1,78,19.1,1008.7,1005.8,0.1,0.1,100,0.61,10.0,21,23.0,180.0,4.0,13.0,-0.29999999999999716,-0.7999999999999972,-1.0,0.2,0.2,0.2,46.10000000000001
2025-03-07,2025-03-07T04:00,22.2,84,19.3,1008.6,1005.7,2.5,2.5,100,0.44,1.1,279,18.4,25.0,2.8999999999999986,17.299999999999997,-0.9000000000000021,0.1999999999999993,-0.10000000000002274,2.7,2.7,2.7,48.5
2025-03-07,2025-03-07T05:00,21.6,92,20.2,1008.9,1006.0,19.7,19.7,100,0.21,9.6,240,32.8,145.0,1.4000000000000021,23.199999999999996,-0.5999999999999979,0.8999999999999986,0.2999999999999545,22.3,22.4,22.4,64.7
2025-03-07,2025-03-07T06:00,21.8,94,20.8,1009.3,1006.4,0.8,0.8,100,0.15,8.1,223,31.3,125.0,1.0,23.200000000000003,0.1999999999999993,0.6000000000000014,0.39999999999997726,23.0,23.2,23.2,64.3
2025-03-07,2025-03-07T07:00,21.4,97,20.9,1007.8,1004.9,0.3,0.3,100,0.07,12.5,55,20.9,120.0,0.5,8.399999999999999,-0.40000000000000213,0.09999999999999787,-1.5,20.8,23.5,23.5,49.3
2025-03-07,2025-03-07T08:00,21.8,95,21.0,1007.7,1004.8,2.3,2.3,100,0.12,6.6,53,29.9,240.0,0.8000000000000007,23.299999999999997,0.40000000000000213,0.10000000000000142,-0.09999999999990905,3.4,25.700000000000003,25.8,47.3
2025-03-07,2025-03-07T09:00,21.9,97,21.4,1008.1,1005.2,6.8,6.8,100,0.09,6.0,163,23.0,100.0,0.5,17.0,0.09999999999999787,0.3999999999999986,0.39999999999997726,9.399999999999999,32.4,32.6,32.6
2025-03-07,2025-03-07T10:00,22.4,95,21.5,1007.0,1004.1,6.1,6.1,100,0.14,10.5,110,44.3,165.0,0.8999999999999986,33.8,0.5,0.10000000000000142,-1.1000000000000227,15.2,36.0,38.7,38.7
2025-03-07,2025-03-07T11:00,22.6,96,21.9,1008.4,1005.5,11.8,11.8,100,0.11,3.5,261,37.1,60.0,0.7000000000000028,33.6,0.20000000000000284,0.3999999999999986,1.3999999999999773,24.7,28.099999999999998,50.5,50.5
2025-03-07,2025-03-07T12:00,22.5,97,22.0,1007.6,1004.7,15.1,15.1,100,0.08,3.1,87,14.8,100.0,0.5,11.700000000000001,-0.10000000000000142,0.10000000000000142,-0.7999999999999545,33.0,42.4,65.6,65.6
2025-03-07,2025-03-07T13:00,22.7,97,22.2,1007.5,1004.6,6.1,6.1,100,0.07,3.2,333,16.9,95.0,0.5,13.7,0.1999999999999993,0.1999999999999993,-0.10000000000002274,33.0,48.2,71.69999999999999,71.69999999999999
2025-03-07,2025-03-07T14:00,22.1,97,21.7,1007.8,1004.9,7.2,7.2,100,0.07,12.1,237,23.8,375.0,0.40000000000000213,11.700000000000001,-0.5999999999999979,-0.5,0.2999999999999545,28.4,53.1,78.8,78.89999999999999
2025-03-07,2025-03-07T15:00,22.5,92,21.2,1008.1,1005.2,0.4,0.4,100,0.21,9.6,229,23.0,420.0,1.3000000000000007,13.4,0.3999999999999986,-0.5,0.3000000000000682,13.700000000000001,46.7,79.1,79.3
2025-03-07,2025-03-07T16:00,24.6,77,20.3,1008.2,1005.3,0.1,0.1,100,0.71,10.0,231,24.5,660.0,4.300000000000001,14.5,2.1000000000000014,-0.8999999999999986,0.10000000000002274,7.7,40.7,76.7,79.39999999999999
2025-03-07,2025-03-07T17:00,24.6,76,20.1,1007.4,1004.5,0.0,0.0,100,0.74,1.5,277,22.7,335.0,4.5,21.2,0.0,-0.1999999999999993,-0.8000000000000682,0.5,28.9,57.0,79.39999999999999
2025-03-07,2025-03-07T18:00,24.8,75,20.1,1008.0,1005.1,0.0,0.0,100,0.78,3.8,315,11.2,270.0,4.699999999999999,7.3999999999999995,0.1999999999999993,0.0,0.6000000000000227,0.1,13.8,56.2,79.39999999999999
2025-03-07,2025-03-07T19:00,23.7,81,20.3,1008.7,1005.8,0.0,0.0,100,0.56,5.9,270,11.2,185.0,3.3999999999999986,5.299999999999999,-1.1000000000000014,0.1999999999999993,0.7000000000000455,0.0,7.7,55.900000000000006,79.39999999999999
2025-03-07,2025-03-07T20:00,22.8,84,20.1,1009.3,1006.4,0.0,0.0,100,0.43,6.9,275,13.7,120.0,2.6999999999999993,6.799999999999999,-0.8999999999999986,-0.1999999999999993,0.599999999999909,0.0,0.5,53.6,79.39999999999999
2025-03-07,2025-03-07T21:00,22.1,87,19.9,1009.9,1007.0,0.0,0.0,100,0.34,5.9,313,12.6,60.0,2.200000000000003,6.699999999999999,-0.6999999999999993,-0.20000000000000284,0.6000000000000227,0.0,0.1,46.800000000000004,79.39999999999999
2025-03-07,2025-03-07T22:00,20.3,92,19.0,1010.7,1007.8,0.0,0.0,100,0.18,4.7,332,11.5,55.0,1.3000000000000007,6.8,-1.8000000000000007,-0.8999999999999986,0.8000000000000682,0.0,0.0,40.7,79.39999999999999
2025-03-07,2025-03-07T23:00,20.5,89,18.7,1011.5,1008.6,0.0,0.0,100,0.25,13.6,311,24.8,185.0,1.8000000000000007,11.200000000000001,0.1999999999999993,-0.3000000000000007,0.7999999999999545,0.0,0.0,28.9,79.39999999999999
2025-03-07,2025-03-08T00:00,21.4,76,17.0,1012.1,1009.2,0.0,0.0,100,0.61,15.2,280,29.5,780.0,4.399999999999999,14.3,0.8999999999999986,-1.6999999999999993,0.6000000000000227,0.0,0.0,13.8,79.39999999999999
2025-03-07,2025-03-08T01:00,21.4,47,9.8,1012.7,1009.8,0.0,0.0,100,1.34,21.4,248,40.7,860.0,11.599999999999998,19.300000000000004,0.0,-7.199999999999999,0.6000000000000227,0.0,0.0,7.7,79.39999999999999
2025-03-07,2025-03-08T02:00,19.7,38,5.0,1014.0,1011.0,0.0,0.0,97,1.42,22.0,257,46.8,870.0,14.7,24.799999999999997,-1.6999999999999993,-4.800000000000001,1.2999999999999545,0.0,0.0,0.5,79.3
2025-03-07,2025-03-08T03:00,18.1,38,3.5,1014.6,1011.6,0.0,0.0,59,1.29,20.7,267,42.8,935.0,14.600000000000001,22.099999999999998,-1.5999999999999979,-1.5,0.6000000000000227,0.0,0.0,0.1,79.19999999999999
2025-03-07,2025-03-08T04:00,16.6,40,2.9,1015.2,1012.2,0.0,0.0,28,1.13,19.3,265,40.7,980.0,13.700000000000001,21.400000000000002,-1.5,-0.6000000000000001,0.6000000000000227,0.0,0.0,0.0,76.7
2025-03-07,2025-03-08T05:00,15.2,43,2.8,1015.6,1012.6,0.0,0.0,2,0.98,16.7,270,38.2,850.0,12.399999999999999,21.500000000000004,-1.4000000000000021,-0.10000000000000009,0.39999999999997726,0.0,0.0,0.0,57.0
2025-03-07,2025-03-08T06:00,14.3,47,3.2,1016.4,1013.4,0.0,0.0,0,0.86,17.8,262,34.6,770.0,11.100000000000001,16.8,-0.8999999999999986,0.40000000000000036,0.7999999999999545,0.0,0.0,0.0,56.2
2025-03-07,2025-03-08T07:00,13.7,52,3.9,1017.1,1014.1,0.0,0.0,0,0.76,17.0,257,34.9,645.0,9.799999999999999,17.9,-0.6000000000000014,0.6999999999999997,0.7000000000000455,0.0,0.0,0.0,55.900000000000006
2025-03-07,2025-03-08T08:00,14.2,55,5.3,1018.3,1015.3,0.0,0.0,0,0.73,17.3,245,33.8,825.0,8.899999999999999,16.499999999999996,0.5,1.4,1.1999999999999318,0.0,0.0,0.0,53.6
2025-03-07,2025-03-08T09:00,15.6,58,7.4,1019.2,1016.2,0.0,0.0,4,0.75,17.8,240,36.4,1000.0,8.2,18.599999999999998,1.4000000000000004,2.1000000000000005,0.900000000000091,0.0,0.0,0.0,46.800000000000004
2025-03-07,2025-03-08T10:00,16.8,61,9.3,1020.1,1017.1,0.0,0.0,0,0.75,21.3,226,46.4,1195.0,7.5,25.099999999999998,1.200000000000001,1.9000000000000004,0.8999999999999773,0.0,0.0,0.0,40.7
2025-03-07,2025-03-08T11:00,18.4,54,9.0,1020.9,1017.9,0.0,0.0,49,0.97,24.0,213,50.0,1370.0,9.399999999999999,26.0,1.5999999999999979,-0.3000000000000007,0.7999999999999545,0.0,0.0,0.0,28.9
2025-03-07,2025-03-08T12:00,19.4,51,9.0,1021.2,1018.2,0.0,0.0,72,1.1,25.0,209,55.1,1590.0,10.399999999999999,30.1,1.0,0.0,0.3000000000000682,0.0,0.0,0.0,13.8
2025-03-07,2025-03-08T13:00,19.3,51,8.8,1021.3,1018.3,0.0,0.0,100,1.1,23.4,205,54.0,1575.0,10.5,30.6,-0.09999999999999787,-0.1999999999999993,0.09999999999990905,0.0,0.0,0.0,7.7
2025-03-07,2025-03-08T14:00,20.3,47,8.7,1021.6,1018.6,0.0,0.0,43,1.26,20.7,206,50.4,1755.0,11.600000000000001,29.7,1.0,-0.10000000000000142,0.3000000000000682,0.0,0.0,0.0,0.5
2025-03-07,2025-03-08T15:00,20.4,46,8.4,1021.9,1018.9,0.0,0.0,39,1.29,19.7,209,47.9,1755.0,11.999999999999998,28.2,0.09999999999999787,-0.29999999999999893,0.2999999999999545,0.0,0.0,0.0,0.1
2025-03-07,2025-03-08T16:00,20.9,42,7.5,1021.8,1018.8,0.0,0.0,96,1.43,17.8,202,43.6,1995.0,13.399999999999999,25.8,0.5,-0.9000000000000004,-0.10000000000002274,0.0,0.0,0.0,0.0
2025-03-07,2025-03-08T17:00,20.4,43,7.4,1022.1,1019.1,0.0,0.0,59,1.37,18.0,199,43.6,1895.0,12.999999999999998,25.6,-0.5,-0.09999999999999964,0.3000000000000682,0.0,0.0,0.0,0.0
2025-03-07,2025-03-08T18:00,19.6,49,8.7,1022.5,1019.5,0.0,0.0,50,1.16,16.0,195,38.9,1485.0,10.900000000000002,22.9,-0.7999999999999972,1.299999999999999,0.39999999999997726,0.0,0.0,0.0,0.0
2025-03-07,2025-03-08T19:00,18.8,53,9.0,1022.6,1019.6,0.0,0.0,29,1.02,13.6,191,32.0,1380.0,9.8,18.4,-0.8000000000000007,0.3000000000000007,0.10000000000002274,0.0,0.0,0.0,0.0
2025-03-07,2025-03-08T20:00,17.3,60,9.4,1023.5,1020.5,0.0,0.0,26,0.8,12.0,173,27.0,595.0,7.9,15.0,-1.5,0.40000000000000036,0.8999999999999773,0.0,0.0,0.0,0.0
2025-03-07,2025-03-08T21:00,16.3,67,10.1,1024.5,1021.5,0.0,0.0,19,0.62,10.4,160,23.0,515.0,6.200000000000001,12.6,-1.0,0.6999999999999993,1.0,0.0,0.0,0.0,0.0
2025-03-07,2025-03-08T22:00,14.8,75,10.4,1025.8,1022.8,0.0,0.0,2,0.42,6.0,159,18.4,255.0,4.4,12.399999999999999,-1.5,0.3000000000000007,1.2999999999999545,0.0,0.0,0.0,0.0
2025-03-07,2025-03-08T23:00,13.8,80,10.5,1026.1,1023.1,0.0,0.0,1,0.31,3.6,143,10.8,105.0,3.3000000000000007,7.200000000000001,-1.0,0.09999999999999964,0.2999999999999545,0.0,0.0,0.0,0.0
