event_date,time,cape,lifted_index,convective_inhibition,freezing_level_height,boundary_layer_height,total_column_integrated_water_vapour,temperature_850hPa,relative_humidity_850hPa,wind_speed_850hPa,wind_direction_850hPa,temperature_500hPa,relative_humidity_500hPa,wind_speed_500hPa,wind_direction_500hPa,temperature_300hPa,wind_speed_300hPa,wind_direction_300hPa
2025-03-07,2025-03-04T00:00,0.0,-2.1,-176.0,4240.0,375.0,36.7,15.4,92,27.8,319,-11.2,89,65.1,293,-38.0,120.1,310
2025-03-07,2025-03-04T01:00,0.0,-3.2,-112.0,4240.0,365.0,35.1,16.1,88,28.1,310,-11.4,76,63.5,292,-38.0,130.1,308
2025-03-07,2025-03-04T02:00,0.0,-3.8,-95.0,4180.0,300.0,36.0,15.9,88,26.2,305,-11.4,71,68.7,297,-38.0,145.8,305
2025-03-07,2025-03-04T03:00,20.0,-3.2,-177.0,4130.0,315.0,35.9,15.3,91,26.5,311,-11.4,79,70.4,300,-37.0,142.8,305
2025-03-07,2025-03-04T04:00,70.0,-2.4,-227.0,4180.0,295.0,36.1,15.4,91,24.5,315,-11.2,64,80.0,298,-37.0,135.3,297
2025-03-07,2025-03-04T05:00,210.0,-1.5,-297.0,4190.0,265.0,36.5,15.4,91,24.2,317,-10.5,34,88.1,294,-36.5,107.4,284
2025-03-07,2025-03-04T06:00,280.0,-0.5,-329.0,4190.0,230.0,37.7,15.4,91,24.2,319,-9.8,17,85.8,288,-36.5,94.5,278
2025-03-07,2025-03-04T07:00,180.0,-0.3,-286.0,4230.0,140.0,37.1,15.4,92,22.8,323,-8.6,13,82.8,287,-36.5,91.3,272
2025-03-07,2025-03-04T08:00,130.0,0.5,-233.0,4220.0,145.0,37.7,15.9,88,27.1,327,-8.6,13,80.1,289,-36.5,88.8,271
2025-03-07,2025-03-04T09:00,160.0,1.0,-243.0,4240.0,300.0,39.3,15.9,89,26.7,327,-8.2,16,71.1,292,-35.0,74.9,276
2025-03-07,2025-03-04T10:00,180.0,-0.9,-155.0,4270.0,395.0,43.3,16.3,86,26.0,327,-7.9,16,72.4,297,-35.0,73.2,280
2025-03-07,2025-03-04T11:00,450.0,-3.3,-45.0,4290.0,790.0,45.2,15.4,98,28.4,338,-8.4,17,72.5,294,-35.0,71.1,282
2025-03-07,2025-03-04T12:00,560.0,-4.0,-1.0,4340.0,895.0,44.5,15.8,94,30.8,341,-7.7,16,70.9,294,-35.0,70.2,287
2025-03-07,2025-03-04T13:00,510.0,-3.8,-1.0,4410.0,1150.0,43.8,15.6,100,35.9,340,-7.5,31,69.1,290,-35.0,70.4,293
2025-03-07,2025-03-04T14:00,720.0,-4.1,-2.0,4550.0,1005.0,42.3,16.7,92,37.0,328,-7.0,19,68.2,298,-35.0,67.2,289
2025-03-07,2025-03-04T15:00,500.0,-3.9,-1.0,4490.0,1295.0,44.3,16.4,92,30.0,324,-7.0,24,66.0,297,-35.0,67.6,297
2025-03-07,2025-03-04T16:00,510.0,-3.5,-1.0,4530.0,1405.0,46.4,16.8,95,28.3,322,-6.8,20,63.9,298,-35.0,65.6,294
2025-03-07,2025-03-04T17:00,620.0,-3.0,-8.0,4580.0,1290.0,47.2,16.3,100,32.5,326,-6.5,21,62.8,296,-35.0,65.3,290
2025-03-07,2025-03-04T18:00,750.0,-2.7,-29.0,4660.0,935.0,47.2,16.3,100,36.9,320,-6.3,20,60.2,293,-35.5,62.6,287
2025-03-07,2025-03-04T19:00,820.0,-1.9,-74.0,4680.0,800.0,45.2,16.4,97,38.3,308,-6.3,23,58.6,293,-35.5,59.1,283
2025-03-07,2025-03-04T20:00,890.0,-1.6,-111.0,4690.0,605.0,43.4,16.5,95,38.8,301,-6.3,23,57.5,293,-35.5,56.8,283
2025-03-07,2025-03-04T21:00,550.0,-0.5,-203.0,4670.0,325.0,41.9,16.8,85,38.2,292,-6.3,24,58.6,293,-35.0,60.0,286
2025-03-07,2025-03-04T22:00,610.0,-0.2,-258.0,4670.0,360.0,43.0,17.0,84,34.8,281,-6.3,23,58.6,293,-35.5,60.4,291
2025-03-07,2025-03-04T23:00,710.0,-0.1,-325.0,4650.0,390.0,41.8,17.4,84,29.7,267,-6.3,23,59.6,295,-35.5,60.1,296
2025-03-07,2025-03-05T00:00,840.0,0.2,-329.0,4590.0,355.0,39.0,17.5,78,30.0,257,-6.5,23,59.6,295,-36.0,60.6,304
2025-03-07,2025-03-05T01:00,850.0,-0.5,-285.0,4520.0,325.0,34.8,17.1,79,29.6,253,-6.5,23,60.1,296,-36.0,63.0,310
2025-03-07,2025-03-05T02:00,760.0,-1.5,-267.0,4510.0,310.0,30.6,16.5,85,27.7,253,-6.3,23,60.1,296,-36.5,68.8,313
2025-03-07,2025-03-05T03:00,620.0,-1.3,-228.0,4520.0,290.0,29.6,17.0,63,25.7,253,-6.8,24,59.6,295,-37.0,67.3,310
2025-03-07,2025-03-05T04:00,530.0,-1.9,-217.0,4440.0,220.0,30.7,17.3,57,22.9,257,-7.9,29,58.0,294,-37.0,67.5,309
2025-03-07,2025-03-05T05:00,420.0,-1.8,-251.0,4410.0,230.0,33.4,16.7,70,15.5,272,-7.7,24,57.5,299,-37.5,71.8,308
2025-03-07,2025-03-05T06:00,390.0,-2.1,-268.0,4380.0,205.0,34.9,16.5,75,15.1,299,-7.7,24,54.6,303,-37.0,72.4,310
2025-03-07,2025-03-05T07:00,340.0,-2.8,-222.0,4450.0,245.0,38.8,16.7,70,12.3,312,-7.5,29,56.6,302,-37.0,80.4,308
2025-03-07,2025-03-05T08:00,200.0,-2.5,-216.0,4450.0,205.0,41.6,16.4,73,12.3,318,-7.7,49,51.5,298,-34.5,101.0,314
2025-03-07,2025-03-05T09:00,850.0,-3.0,-73.0,4220.0,190.0,43.6,16.2,85,12.6,347,-9.1,73,54.8,293,-34.0,93.4,316
2025-03-07,2025-03-05T10:00,680.0,-2.4,-108.0,4190.0,115.0,45.3,16.7,74,13.7,6,-8.9,69,45.9,303,-34.5,92.0,320
2025-03-07,2025-03-05T11:00,630.0,-2.3,-110.0,4350.0,135.0,42.7,17.0,77,19.7,13,-9.3,66,49.9,305,-34.0,88.9,325
2025-03-07,2025-03-05T12:00,530.0,-3.1,-57.0,4360.0,380.0,45.6,17.0,82,24.4,17,-9.1,77,49.3,288,-34.5,99.9,321
2025-03-07,2025-03-05T13:00,630.0,-2.4,-52.0,4390.0,350.0,45.2,16.8,87,27.5,16,-9.6,86,53.9,291,-34.5,91.0,319
2025-03-07,2025-03-05T14:00,970.0,-0.6,-103.0,4350.0,370.0,45.3,17.0,83,31.5,2,-9.3,84,51.5,295,-35.0,90.0,313
2025-03-07,2025-03-05T15:00,980.0,-2.2,-124.0,4380.0,535.0,47.3,15.9,84,22.2,345,-8.6,79,55.5,292,-34.5,96.1,319
2025-03-07,2025-03-05T16:00,1040.0,-3.1,-48.0,4430.0,680.0,48.1,16.8,77,25.9,334,-8.4,84,59.0,297,-35.0,93.6,319
2025-03-07,2025-03-05T17:00,860.0,-1.8,-176.0,4500.0,585.0,48.1,18.0,84,23.0,335,-8.6,80,58.5,296,-35.5,106.3,323
2025-03-07,2025-03-05T18:00,870.0,-3.2,-114.0,4550.0,650.0,50.6,18.5,78,20.9,344,-8.2,63,55.8,298,-35.5,102.3,321
2025-03-07,2025-03-05T19:00,910.0,-4.1,-87.0,4490.0,570.0,51.4,18.3,83,28.3,349,-8.2,64,54.6,303,-36.0,101.4,320
2025-03-07,2025-03-05T20:00,1040.0,-3.0,-107.0,4510.0,325.0,51.7,18.5,81,35.1,347,-7.9,61,47.6,304,-35.5,95.2,318
2025-03-07,2025-03-05T21:00,330.0,-3.2,-175.0,4430.0,195.0,51.7,18.1,85,40.7,338,-8.9,74,45.0,312,-35.0,94.1,300
2025-03-07,2025-03-05T22:00,390.0,-2.4,-163.0,4500.0,85.0,44.6,18.2,78,47.9,332,-8.9,73,56.0,315,-36.0,109.9,310
2025-03-07,2025-03-05T23:00,290.0,-0.5,-188.0,4410.0,70.0,43.7,17.9,88,46.1,327,-8.9,70,50.6,306,-35.0,97.8,318
2025-03-07,2025-03-06T00:00,120.0,-1.1,-170.0,4430.0,55.0,41.3,16.9,100,43.4,332,-8.4,41,45.0,312,-35.5,107.8,314
2025-03-07,2025-03-06T01:00,110.0,-1.0,-305.0,4510.0,40.0,44.2,16.4,100,46.4,340,-7.7,9,44.7,301,-35.5,94.2,304
2025-03-07,2025-03-06T02:00,170.0,0.9,-10.0,4530.0,15.0,44.3,17.4,83,34.9,340,-7.7,23,41.8,309,-35.0,104.2,299
2025-03-07,2025-03-06T03:00,0.0,0.9,-13.0,4530.0,30.0,45.4,17.0,97,33.2,331,-7.5,63,51.8,316,-33.5,91.8,318
2025-03-07,2025-03-06T04:00,0.0,0.6,0.0,4470.0,45.0,49.0,17.9,93,45.1,337,-7.9,86,44.3,319,-33.5,67.0,314
2025-03-07,2025-03-06T05:00,0.0,1.5,0.0,4430.0,60.0,50.8,18.5,85,49.9,332,-8.2,90,44.6,324,-33.0,67.9,314
2025-03-07,2025-03-06T06:00,0.0,1.3,0.0,4530.0,185.0,50.3,18.2,75,56.2,333,-7.2,77,43.5,321,-33.0,60.0,323
2025-03-07,2025-03-06T07:00,0.0,1.0,0.0,4590.0,70.0,52.4,17.4,91,51.0,332,-7.7,90,36.6,311,-33.0,61.9,316
2025-03-07,2025-03-06T08:00,0.0,1.3,0.0,4610.0,140.0,51.4,17.4,95,49.2,331,-7.7,91,42.7,308,-33.0,70.7,320
2025-03-07,2025-03-06T09:00,0.0,2.7,0.0,4530.0,180.0,50.8,16.9,89,24.2,311,-7.9,81,41.9,294,-32.0,76.6,325
2025-03-07,2025-03-06T10:00,0.0,1.9,0.0,4590.0,120.0,49.7,16.3,96,30.3,316,-7.9,83,47.0,276,-32.5,74.2,326
2025-03-07,2025-03-06T11:00,60.0,1.6,0.0,4580.0,385.0,48.6,17.0,82,35.2,323,-7.2,50,46.9,274,-32.5,69.8,319
2025-03-07,2025-03-06T12:00,120.0,0.4,0.0,4720.0,525.0,46.7,17.1,92,43.8,329,-7.5,24,46.2,279,-32.0,71.3,316
2025-03-07,2025-03-06T13:00,310.0,0.2,-50.0,4730.0,870.0,46.7,17.6,90,39.4,326,-7.2,30,47.5,291,-33.0,84.9,299
2025-03-07,2025-03-06T14:00,650.0,-0.6,-304.0,4700.0,930.0,44.7,16.9,97,34.2,329,-7.7,50,50.4,308,-33.5,81.1,299
2025-03-07,2025-03-06T15:00,540.0,-1.3,-253.0,4630.0,1090.0,42.5,16.4,87,32.4,325,-7.7,41,53.3,306,-33.0,82.2,299
2025-03-07,2025-03-06T16:00,600.0,-1.8,-235.0,4640.0,1205.0,40.1,18.6,65,39.8,320,-7.7,37,51.0,311,-33.5,78.9,296
2025-03-07,2025-03-06T17:00,520.0,-2.6,-219.0,4630.0,1280.0,41.1,19.3,65,40.6,314,-7.9,34,52.6,315,-33.5,81.1,295
2025-03-07,2025-03-06T18:00,510.0,-2.6,-263.0,4590.0,1075.0,45.3,19.2,65,39.2,321,-7.7,23,55.2,314,-33.5,84.3,298
2025-03-07,2025-03-06T19:00,630.0,-2.4,-293.0,4560.0,165.0,48.5,18.0,73,39.3,328,-7.7,37,58.6,316,-33.5,84.9,299
2025-03-07,2025-03-06T20:00,830.0,-1.2,-323.0,4590.0,25.0,50.0,17.5,86,41.6,335,-7.9,61,58.6,317,-33.5,85.9,303
2025-03-07,2025-03-06T21:00,390.0,-0.9,-323.0,4590.0,50.0,51.0,17.4,80,47.8,322,-7.7,44,61.1,317,-33.5,98.3,298
2025-03-07,2025-03-06T22:00,640.0,-0.7,-289.0,4600.0,50.0,43.4,16.8,91,41.3,313,-7.2,40,57.9,320,-33.5,91.3,309
2025-03-07,2025-03-06T23:00,680.0,0.3,-377.0,4580.0,90.0,45.7,18.3,80,42.9,317,-7.9,59,57.6,324,-33.5,99.9,303
2025-03-07,2025-03-07T00:00,600.0,0.0,0.0,4640.0,330.0,48.2,18.5,67,43.2,327,-8.2,54,60.1,331,-33.5,102.3,306
2025-03-07,2025-03-07T01:00,580.0,0.1,-312.0,4550.0,270.0,48.6,18.0,97,36.9,342,-8.2,90,61.3,337,-33.0,91.5,304
2025-03-07,2025-03-07T02:00,340.0,-0.4,-330.0,4670.0,235.0,46.6,18.0,100,49.3,344,-7.0,71,62.4,337,-32.5,86.2,309
2025-03-07,2025-03-07T03:00,190.0,0.7,-22.0,4610.0,180.0,45.6,18.7,86,71.9,342,-7.9,69,74.4,339,-33.0,92.8,310
2025-03-07,2025-03-07T04:00,150.0,1.1,0.0,4570.0,25.0,52.0,18.3,92,75.7,339,-7.7,69,75.7,345,-32.5,98.4,308
2025-03-07,2025-03-07T05:00,80.0,1.4,0.0,4570.0,145.0,51.4,18.6,92,86.3,344,-7.5,70,80.1,341,-32.0,83.6,305
2025-03-07,2025-03-07T06:00,20.0,1.4,-344.0,4610.0,125.0,53.7,18.3,92,92.5,343,-7.2,83,81.1,335,-32.0,89.6,305
2025-03-07,2025-03-07T07:00,30.0,2.5,-388.0,4590.0,120.0,52.2,17.9,91,93.4,336,-7.7,89,88.7,337,-32.0,90.7,307
2025-03-07,2025-03-07T08:00,130.0,1.4,-78.0,4580.0,240.0,55.7,17.6,90,96.0,334,-7.5,90,88.0,332,-32.0,95.2,304
2025-03-07,2025-03-07T09:00,300.0,-0.2,-219.0,4630.0,100.0,56.3,18.2,83,101.3,334,-7.2,84,88.5,327,-31.0,95.0,307
2025-03-07,2025-03-07T10:00,510.0,1.3,-59.0,4570.0,165.0,60.0,18.0,91,92.9,318,-7.5,89,87.9,328,-31.5,90.0,314
2025-03-07,2025-03-07T11:00,690.0,0.0,-64.0,4580.0,60.0,60.3,17.9,93,64.7,299,-7.5,94,89.2,327,-32.0,91.9,319
2025-03-07,2025-03-07T12:00,640.0,-1.3,-88.0,4480.0,100.0,50.3,17.0,100,45.4,291,-7.2,94,93.9,328,-32.0,105.4,323
2025-03-07,2025-03-07T13:00,360.0,-1.6,-8.0,4430.0,95.0,53.9,16.8,99,42.5,289,-7.5,94,97.8,327,-32.5,96.9,326
2025-03-07,2025-03-07T14:00,270.0,-2.2,-14.0,4240.0,375.0,48.9,16.1,81,40.8,276,-6.8,96,96.2,331,-32.5,110.6,333
2025-03-07,2025-03-07T15:00,160.0,-2.1,-25.0,4050.0,420.0,44.6,15.4,83,33.0,288,-7.5,94,86.5,326,-32.5,120.2,334
2025-03-07,2025-03-07T16:00,80.0,-1.1,-8.0,4100.0,660.0,40.1,15.6,93,27.3,255,-7.7,97,93.6,329,-32.0,132.0,333
2025-03-07,2025-03-07T17:00,120.0,2.0,-5.0,4130.0,335.0,35.9,15.2,85,22.9,227,-8.2,93,87.9,321,-32.5,139.8,330
2025-03-07,2025-03-07T18:00,150.0,2.6,-6.0,4120.0,270.0,27.3,15.7,49,27.5,207,-9.1,89,105.7,298,-32.5,116.5,334
2025-03-07,2025-03-07T19:00,150.0,2.7,-1.0,4080.0,185.0,27.6,16.4,40,34.5,211,-10.7,80,133.2,294,-32.5,118.8,330
2025-03-07,2025-03-07T20:00,130.0,2.2,-54.0,4060.0,120.0,29.8,16.1,45,38.9,219,-10.3,34,118.1,297,-32.0,142.8,334
2025-03-07,2025-03-07T21:00,360.0,1.4,-77.0,3660.0,60.0,29.5,15.2,47,48.0,231,-10.0,14,103.7,300,-31.5,140.8,341
2025-03-07,2025-03-07T22:00,450.0,2.2,-54.0,3600.0,55.0,28.3,14.6,51,49.1,230,-10.0,16,95.3,301,-31.5,142.7,342
2025-03-07,2025-03-07T23:00,600.0,2.4,-65.0,3570.0,185.0,29.8,13.9,59,48.5,243,-9.8,7,93.4,296,-32.0,159.6,337
2025-03-07,2025-03-08T00:00,240.0,6.1,-66.0,3510.0,780.0,24.1,13.0,52,43.9,237,-8.9,7,92.8,297,-32.5,194.4,331
2025-03-07,2025-03-08T01:00,0.0,9.6,0.0,3400.0,860.0,22.2,12.8,47,36.1,254,-9.3,6,99.8,288,-32.5,188.5,329
2025-03-07,2025-03-08T02:00,0.0,10.6,0.0,3350.0,870.0,18.0,11.8,51,40.6,268,-9.6,4,107.8,287,-32.5,189.4,325
2025-03-07,2025-03-08T03:00,0.0,14.0,0.0,3360.0,935.0,14.6,11.3,50,52.1,279,-10.7,4,122.8,285,-34.0,175.8,317
2025-03-07,2025-03-08T04:00,0.0,14.7,0.0,3350.0,980.0,12.6,9.8,30,64.4,278,-11.0,4,126.3,284,-34.5,165.5,314
2025-03-07,2025-03-08T05:00,0.0,15.8,0.0,3320.0,850.0,11.0,7.4,27,66.8,257,-11.2,7,134.5,283,-35.0,161.5,311
2025-03-07,2025-03-08T06:00,0.0,16.8,0.0,3080.0,770.0,8.9,6.8,26,62.4,250,-11.2,6,135.8,278,-36.0,163.8,309
2025-03-07,2025-03-08T07:00,0.0,17.6,0.0,2660.0,645.0,10.0,6.4,34,61.7,250,-11.7,4,133.3,273,-36.5,167.5,306
2025-03-07,2025-03-08T08:00,0.0,16.3,0.0,2690.0,825.0,11.4,5.8,45,58.5,245,-12.1,4,138.0,269,-36.5,176.2,306
2025-03-07,2025-03-08T09:00,0.0,14.2,0.0,2600.0,1000.0,13.3,6.4,44,57.9,242,-12.8,4,132.1,267,-36.0,173.1,304
2025-03-07,2025-03-08T10:00,0.0,11.3,0.0,2630.0,1195.0,14.8,5.6,69,52.2,218,-13.3,4,129.3,263,-36.5,167.7,300
2025-03-07,2025-03-08T11:00,0.0,9.3,0.0,2590.0,1370.0,16.2,4.1,90,46.4,200,-13.8,4,123.6,259,-36.0,167.4,296
2025-03-07,2025-03-08T12:00,10.0,8.1,0.0,2640.0,1590.0,16.3,4.1,92,39.8,190,-14.5,4,114.1,255,-36.5,170.8,294
2025-03-07,2025-03-08T13:00,10.0,7.8,0.0,2550.0,1575.0,16.2,4.5,88,36.9,189,-15.2,4,104.0,253,-36.5,167.8,291
2025-03-07,2025-03-08T14:00,10.0,7.6,0.0,2240.0,1755.0,15.5,5.1,82,33.3,197,-15.6,4,96.4,253,-37.0,163.7,286
2025-03-07,2025-03-08T15:00,20.0,7.9,0.0,2830.0,1755.0,15.4,5.1,74,35.6,201,-15.6,4,92.0,255,-37.5,157.9,281
2025-03-07,2025-03-08T16:00,10.0,7.9,0.0,2820.0,1995.0,15.5,5.1,83,32.4,200,-15.6,6,92.0,255,-38.0,152.0,276
2025-03-07,2025-03-08T17:00,10.0,8.1,0.0,2260.0,1895.0,15.9,5.1,84,29.4,199,-15.9,6,90.3,253,-38.5,145.3,268
2025-03-07,2025-03-08T18:00,10.0,8.7,-1.0,2250.0,1485.0,16.3,4.9,82,28.1,200,-16.1,7,91.5,251,-39.5,147.4,260
2025-03-07,2025-03-08T19:00,20.0,8.2,-4.0,2220.0,1380.0,16.7,4.6,91,25.7,200,-16.3,7,90.7,250,-40.5,153.7,256
2025-03-07,2025-03-08T20:00,30.0,7.9,-9.0,2250.0,595.0,16.9,4.6,86,24.3,208,-16.6,7,89.6,250,-41.0,159.4,253
2025-03-07,2025-03-08T21:00,50.0,8.6,-9.0,2270.0,515.0,16.7,4.5,82,24.3,210,-16.6,9,91.5,251,-41.5,155.8,254
2025-03-07,2025-03-08T22:00,60.0,9.3,-14.0,2260.0,255.0,15.2,4.5,76,24.6,214,-16.3,9,92.3,249,-41.5,148.5,258
2025-03-07,2025-03-08T23:00,80.0,9.9,-21.0,2230.0,105.0,14.2,4.5,71,28.7,213,-16.3,9,91.4,247,-41.5,137.9,259
