umbral,precision,recall,f1,f2,fpr,verdaderos_positivos,falsos_positivos,falsos_negativos,verdaderos_negativos,dias_marcados
0.01,0.012422360248447204,0.4,0.024096385542168676,0.055248618784530384,0.009312950272359866,2,159,3,16914,161
0.02,0.034482758620689655,0.4,0.06349206349206349,0.12820512820512825,0.003280032800328003,2,56,3,17017,58
0.03,0.030303030303030304,0.2,0.05263157894736842,0.09433962264150943,0.0018743044573302876,1,32,4,17041,33
0.04,0.05263157894736842,0.2,0.08333333333333333,0.1282051282051282,0.0010542962572482868,1,18,4,17055,19
0.05,0.06666666666666667,0.2,0.1,0.14285714285714285,0.0008200082000820008,1,14,4,17059,15
0.060000000000000005,0.0,0.0,0.0,0.0,0.0005857201429157148,0,10,5,17063,10
0.06999999999999999,0.0,0.0,0.0,0.0,0.0005271481286241434,0,9,5,17064,9
0.08,0.0,0.0,0.0,0.0,0.0003514320857494289,0,6,5,17067,6
0.09,0.0,0.0,0.0,0.0,0.0003514320857494289,0,6,5,17067,6
0.09999999999999999,0.0,0.0,0.0,0.0,0.00011714402858314298,0,2,5,17071,2
0.11,0.0,0.0,0.0,0.0,0.00011714402858314298,0,2,5,17071,2
0.12,0.0,0.0,0.0,0.0,5.857201429157149e-05,0,1,5,17072,1
0.13,0.0,0.0,0.0,0.0,5.857201429157149e-05,0,1,5,17072,1
0.14,0.0,0.0,0.0,0.0,5.857201429157149e-05,0,1,5,17072,1
0.15000000000000002,0.0,0.0,0.0,0.0,5.857201429157149e-05,0,1,5,17072,1
0.16,0.0,0.0,0.0,0.0,5.857201429157149e-05,0,1,5,17072,1
0.17,0.0,0.0,0.0,0.0,5.857201429157149e-05,0,1,5,17072,1
0.18000000000000002,0.0,0.0,0.0,0.0,5.857201429157149e-05,0,1,5,17072,1
0.19,0.0,0.0,0.0,0.0,5.857201429157149e-05,0,1,5,17072,1
0.2,0.0,0.0,0.0,0.0,0.0,0,0,5,17073,0
0.21000000000000002,0.0,0.0,0.0,0.0,0.0,0,0,5,17073,0
0.22,0.0,0.0,0.0,0.0,0.0,0,0,5,17073,0
0.23,0.0,0.0,0.0,0.0,0.0,0,0,5,17073,0
0.24000000000000002,0.0,0.0,0.0,0.0,0.0,0,0,5,17073,0
0.25,0.0,0.0,0.0,0.0,0.0,0,0,5,17073,0
0.26,0.0,0.0,0.0,0.0,0.0,0,0,5,17073,0
0.27,0.0,0.0,0.0,0.0,0.0,0,0,5,17073,0
0.28,0.0,0.0,0.0,0.0,0.0,0,0,5,17073,0
0.29000000000000004,0.0,0.0,0.0,0.0,0.0,0,0,5,17073,0
0.3,0.0,0.0,0.0,0.0,0.0,0,0,5,17073,0
0.31,0.0,0.0,0.0,0.0,0.0,0,0,5,17073,0
0.32,0.0,0.0,0.0,0.0,0.0,0,0,5,17073,0
0.33,0.0,0.0,0.0,0.0,0.0,0,0,5,17073,0
0.34,0.0,0.0,0.0,0.0,0.0,0,0,5,17073,0
0.35000000000000003,0.0,0.0,0.0,0.0,0.0,0,0,5,17073,0
0.36000000000000004,0.0,0.0,0.0,0.0,0.0,0,0,5,17073,0
0.37,0.0,0.0,0.0,0.0,0.0,0,0,5,17073,0
0.38,0.0,0.0,0.0,0.0,0.0,0,0,5,17073,0
0.39,0.0,0.0,0.0,0.0,0.0,0,0,5,17073,0
0.4,0.0,0.0,0.0,0.0,0.0,0,0,5,17073,0
0.41000000000000003,0.0,0.0,0.0,0.0,0.0,0,0,5,17073,0
0.42000000000000004,0.0,0.0,0.0,0.0,0.0,0,0,5,17073,0
0.43,0.0,0.0,0.0,0.0,0.0,0,0,5,17073,0
0.44,0.0,0.0,0.0,0.0,0.0,0,0,5,17073,0
0.45,0.0,0.0,0.0,0.0,0.0,0,0,5,17073,0
0.46,0.0,0.0,0.0,0.0,0.0,0,0,5,17073,0
0.47000000000000003,0.0,0.0,0.0,0.0,0.0,0,0,5,17073,0
0.48000000000000004,0.0,0.0,0.0,0.0,0.0,0,0,5,17073,0
0.49,0.0,0.0,0.0,0.0,0.0,0,0,5,17073,0
0.5,0.0,0.0,0.0,0.0,0.0,0,0,5,17073,0
0.51,0.0,0.0,0.0,0.0,0.0,0,0,5,17073,0
0.52,0.0,0.0,0.0,0.0,0.0,0,0,5,17073,0
0.53,0.0,0.0,0.0,0.0,0.0,0,0,5,17073,0
0.54,0.0,0.0,0.0,0.0,0.0,0,0,5,17073,0
0.55,0.0,0.0,0.0,0.0,0.0,0,0,5,17073,0
0.56,0.0,0.0,0.0,0.0,0.0,0,0,5,17073,0
0.5700000000000001,0.0,0.0,0.0,0.0,0.0,0,0,5,17073,0
0.5800000000000001,0.0,0.0,0.0,0.0,0.0,0,0,5,17073,0
0.59,0.0,0.0,0.0,0.0,0.0,0,0,5,17073,0
0.6,0.0,0.0,0.0,0.0,0.0,0,0,5,17073,0
0.61,0.0,0.0,0.0,0.0,0.0,0,0,5,17073,0
0.62,0.0,0.0,0.0,0.0,0.0,0,0,5,17073,0
0.63,0.0,0.0,0.0,0.0,0.0,0,0,5,17073,0
0.64,0.0,0.0,0.0,0.0,0.0,0,0,5,17073,0
0.65,0.0,0.0,0.0,0.0,0.0,0,0,5,17073,0
0.66,0.0,0.0,0.0,0.0,0.0,0,0,5,17073,0
0.67,0.0,0.0,0.0,0.0,0.0,0,0,5,17073,0
0.68,0.0,0.0,0.0,0.0,0.0,0,0,5,17073,0
0.6900000000000001,0.0,0.0,0.0,0.0,0.0,0,0,5,17073,0
0.7000000000000001,0.0,0.0,0.0,0.0,0.0,0,0,5,17073,0
0.7100000000000001,0.0,0.0,0.0,0.0,0.0,0,0,5,17073,0
0.72,0.0,0.0,0.0,0.0,0.0,0,0,5,17073,0
0.73,0.0,0.0,0.0,0.0,0.0,0,0,5,17073,0
0.74,0.0,0.0,0.0,0.0,0.0,0,0,5,17073,0
0.75,0.0,0.0,0.0,0.0,0.0,0,0,5,17073,0
0.76,0.0,0.0,0.0,0.0,0.0,0,0,5,17073,0
0.77,0.0,0.0,0.0,0.0,0.0,0,0,5,17073,0
0.78,0.0,0.0,0.0,0.0,0.0,0,0,5,17073,0
0.79,0.0,0.0,0.0,0.0,0.0,0,0,5,17073,0
0.8,0.0,0.0,0.0,0.0,0.0,0,0,5,17073,0
0.81,0.0,0.0,0.0,0.0,0.0,0,0,5,17073,0
0.8200000000000001,0.0,0.0,0.0,0.0,0.0,0,0,5,17073,0
0.8300000000000001,0.0,0.0,0.0,0.0,0.0,0,0,5,17073,0
0.8400000000000001,0.0,0.0,0.0,0.0,0.0,0,0,5,17073,0
0.85,0.0,0.0,0.0,0.0,0.0,0,0,5,17073,0
0.86,0.0,0.0,0.0,0.0,0.0,0,0,5,17073,0
0.87,0.0,0.0,0.0,0.0,0.0,0,0,5,17073,0
0.88,0.0,0.0,0.0,0.0,0.0,0,0,5,17073,0
0.89,0.0,0.0,0.0,0.0,0.0,0,0,5,17073,0
0.9,0.0,0.0,0.0,0.0,0.0,0,0,5,17073,0
0.91,0.0,0.0,0.0,0.0,0.0,0,0,5,17073,0
0.92,0.0,0.0,0.0,0.0,0.0,0,0,5,17073,0
0.93,0.0,0.0,0.0,0.0,0.0,0,0,5,17073,0
0.9400000000000001,0.0,0.0,0.0,0.0,0.0,0,0,5,17073,0
0.9500000000000001,0.0,0.0,0.0,0.0,0.0,0,0,5,17073,0
0.9600000000000001,0.0,0.0,0.0,0.0,0.0,0,0,5,17073,0
0.97,0.0,0.0,0.0,0.0,0.0,0,0,5,17073,0
0.98,0.0,0.0,0.0,0.0,0.0,0,0,5,17073,0
0.99,0.0,0.0,0.0,0.0,0.0,0,0,5,17073,0
