umbral_anomalia,tp_eventos_smn,fp_dias_normales,fn_eventos_smn,recall_referencias_smn,precision_referencias_smn,dias_marcados
-0.00808223,4,1708,1,0.8,0.00233645,1712
-0.0055172,4,1537,1,0.8,0.00259572,1541
-0.00273957,4,1366,1,0.8,0.00291971,1370
0.000491151,4,1196,1,0.8,0.00333333,1200
0.00409812,4,1025,1,0.8,0.00388727,1029
0.00868822,4,854,1,0.8,0.004662,858
0.0136087,4,683,1,0.8,0.00582242,687
0.0207554,4,513,1,0.8,0.00773694,517
0.0295556,4,342,1,0.8,0.0115607,346
0.047621,3,171,2,0.6,0.0172414,174
