variable,importance
wind_gusts_10m,0.3510892464933524
wind_speed_10m,0.255798883570393
precipitation,0.12340187058682558
wind_v,0.07983626078934898
pressure_msl,0.05889020201275831
wind_u,0.028107250257963363
dew_point_2m,0.021919926326883523
temperature_2m,0.01673361614468224
dew_spread,0.015020690494025917
wind_direction_10m,0.013821330704977163
relative_humidity_2m,0.011122243824683279
hour_cos,0.01089803880485329
hour_sin,0.006499988892640956
month_cos,0.004799019510243737
month_sin,0.0020614315863683773
