variable,importancia
temperatura_media,0.0
temperatura_min,0.0
temperatura_max,0.0
temperatura_rango,0.0
humedad_media,0.0
humedad_min,0.0
humedad_max,0.0
humedad_rango,0.0
rocio_medio,0.0
rocio_min,0.0
rocio_max,0.0
temp_rocio_dif_media,0.0
presion_media,0.0
presion_min,0.0
presion_max,0.0
presion_rango,0.0
precipitacion_total,0.0
precipitacion_max_horaria,0.0
viento_medio,0.0
viento_max,0.0
rafaga_media,0.0
rafaga_max,0.0
viento_u_medio,0.0
viento_v_medio,0.0
lluvia_3d_previa,0.0
lluvia_7d_previa,0.0
rafaga_max_3d_previa,0.0
rafaga_max_7d_previa,0.0
presion_media_3d_previa,0.0
presion_media_7d_previa,0.0
temperatura_media_3d_previa,0.0
temperatura_media_7d_previa,0.0
humedad_media_3d_previa,0.0
humedad_media_7d_previa,0.0
cambio_temperatura_media_1d,0.0
cambio_humedad_media_1d,0.0
cambio_presion_media_1d,0.0
cambio_viento_medio_1d,0.0
cambio_rafaga_max_1d,0.0
cambio_precipitacion_total_1d,0.0
mes_sin,0.0
mes_cos,0.0
clim_temp,0.0
clim_humedad,0.0
clim_presion,0.0
clim_precipitacion,0.0
clim_rafaga,0.0
anomalia_temp,0.0
anomalia_humedad,0.0
anomalia_presion,0.0
anomalia_precipitacion,0.0
anomalia_rafaga,0.0
