metrica,valor,nota
positivos_target_next_6h,0,6/12 h quedan sin etiqueta porque no conocemos la hora exacta.
positivos_target_next_12h,0,6/12 h quedan sin etiqueta porque no conocemos la hora exacta.
positivos_target_next_24h,120,Etiqueta basada en fecha del evento.
positivos_target_next_48h,240,Etiqueta basada en fecha del evento.
positivos_target_next_72h,360,Etiqueta basada en fecha del evento.
registros,409872,Dataset meteorológico horario
columnas,106,Features + objetivos + trazabilidad
eventos_catalogados,5,Eventos históricos
fuentes_documentales,0,Fuentes detectadas
datos_documentales_explicitos,8,Valores numéricos explícitos
post_event_labels,0,Debe ser 0
estado,OK,Dataset construido y validado
