time,temperature_2m,relative_humidity_2m,dew_point_2m,pressure_msl,precipitation,wind_speed_10m,wind_direction_10m,wind_gusts_10m,evento_fecha,evento,tormenta_severa,viento_severo,precipitacion_extrema,inundacion,granizo,tornado
1981-03-13 00:00:00,16.2,69,10.5,1008.5,0.0,21.9,54,31.3,1981-03-14,Temporal grave,1,1,1,0,0,0
1981-03-13 01:00:00,15.6,71,10.5,1008.7,0.0,22.2,47,32.8,1981-03-14,Temporal grave,1,1,1,0,0,0
1981-03-13 02:00:00,15.2,73,10.3,1008.3,0.0,20.6,44,31.7,1981-03-14,Temporal grave,1,1,1,0,0,0
1981-03-13 03:00:00,14.6,74,10.1,1007.8,0.0,19.6,41,28.4,1981-03-14,Temporal grave,1,1,1,0,0,0
1981-03-13 04:00:00,14.2,69,8.7,1007.6,0.0,19.1,32,29.9,1981-03-14,Temporal grave,1,1,1,0,0,0
1981-03-13 05:00:00,14.3,67,8.2,1007.4,0.0,18.1,21,29.9,1981-03-14,Temporal grave,1,1,1,0,0,0
1981-03-13 06:00:00,14.8,62,7.7,1007.1,0.0,17.0,4,29.9,1981-03-14,Temporal grave,1,1,1,0,0,0
1981-03-13 07:00:00,15.3,58,7.0,1007.5,0.0,13.0,2,29.5,1981-03-14,Temporal grave,1,1,1,0,0,0
1981-03-13 08:00:00,15.9,54,6.6,1007.5,0.0,12.9,347,28.8,1981-03-14,Temporal grave,1,1,1,0,0,0
1981-03-13 09:00:00,18.0,45,5.9,1007.4,0.0,15.0,330,31.3,1981-03-14,Temporal grave,1,1,1,0,0,0
1981-03-13 10:00:00,20.2,34,3.7,1007.1,0.0,17.3,312,36.4,1981-03-14,Temporal grave,1,1,1,0,0,0
1981-03-13 11:00:00,21.8,29,3.1,1006.8,0.0,17.0,302,37.8,1981-03-14,Temporal grave,1,1,1,0,0,0
1981-03-13 12:00:00,23.5,27,3.2,1006.5,0.0,17.9,300,37.4,1981-03-14,Temporal grave,1,1,1,0,0,0
1981-03-13 13:00:00,25.0,24,2.9,1006.0,0.0,18.9,294,36.4,1981-03-14,Temporal grave,1,1,1,0,0,0
1981-03-13 14:00:00,26.3,22,2.9,1005.4,0.0,18.5,291,35.3,1981-03-14,Temporal grave,1,1,1,0,0,0
1981-03-13 15:00:00,27.2,20,2.5,1004.8,0.0,18.1,291,31.3,1981-03-14,Temporal grave,1,1,1,0,0,0
1981-03-13 16:00:00,27.8,20,2.9,1003.5,0.0,17.1,292,29.5,1981-03-14,Temporal grave,1,1,1,0,0,0
1981-03-13 17:00:00,27.9,20,3.1,1003.2,0.0,18.0,299,28.1,1981-03-14,Temporal grave,1,1,1,0,0,0
1981-03-13 18:00:00,27.4,22,4.1,1002.8,0.0,18.6,306,29.2,1981-03-14,Temporal grave,1,1,1,0,0,0
1981-03-13 19:00:00,25.8,28,5.7,1002.4,0.0,14.5,305,28.1,1981-03-14,Temporal grave,1,1,1,0,0,0
1981-03-13 20:00:00,23.7,34,7.0,1002.6,0.0,16.3,315,25.2,1981-03-14,Temporal grave,1,1,1,0,0,0
1981-03-13 21:00:00,22.5,40,8.4,1002.8,0.0,17.9,320,28.8,1981-03-14,Temporal grave,1,1,1,0,0,0
1981-03-13 22:00:00,21.8,46,9.6,1002.9,0.0,17.3,318,30.6,1981-03-14,Temporal grave,1,1,1,0,0,0
1981-03-13 23:00:00,21.3,50,10.5,1003.3,0.0,17.1,319,31.0,1981-03-14,Temporal grave,1,1,1,0,0,0
1981-03-14 00:00:00,20.9,55,11.5,1003.7,0.0,19.0,327,31.7,1981-03-14,Temporal grave,1,1,1,0,0,0
1982-02-12 00:00:00,22.6,54,12.8,1005.6,0.0,27.9,349,41.8,1982-02-13,Tornado temporal Chile Pedro Pico,1,1,0,0,0,1
1982-02-12 01:00:00,22.3,58,13.6,1005.5,0.0,30.1,349,44.6,1982-02-13,Tornado temporal Chile Pedro Pico,1,1,0,0,0,1
1982-02-12 02:00:00,22.2,60,14.1,1005.2,0.0,31.4,347,46.4,1982-02-13,Tornado temporal Chile Pedro Pico,1,1,0,0,0,1
1982-02-12 03:00:00,22.2,62,14.5,1004.8,0.0,31.9,342,47.5,1982-02-13,Tornado temporal Chile Pedro Pico,1,1,0,0,0,1
1982-02-12 04:00:00,21.4,63,14.1,1004.8,0.0,31.9,333,47.9,1982-02-13,Tornado temporal Chile Pedro Pico,1,1,0,0,0,1
1982-02-12 05:00:00,21.4,65,14.6,1005.2,0.0,30.8,322,48.2,1982-02-13,Tornado temporal Chile Pedro Pico,1,1,0,0,0,1
1982-02-12 06:00:00,21.1,68,15.1,1005.8,0.0,29.5,314,48.6,1982-02-13,Tornado temporal Chile Pedro Pico,1,1,0,0,0,1
1982-02-12 07:00:00,20.9,71,15.5,1006.5,0.0,25.8,311,44.3,1982-02-13,Tornado temporal Chile Pedro Pico,1,1,0,0,0,1
1982-02-12 08:00:00,21.5,71,16.1,1006.9,0.0,24.6,309,38.9,1982-02-13,Tornado temporal Chile Pedro Pico,1,1,0,0,0,1
1982-02-12 09:00:00,23.0,65,16.1,1007.0,0.0,27.9,306,41.0,1982-02-13,Tornado temporal Chile Pedro Pico,1,1,0,0,0,1
1982-02-12 10:00:00,24.8,49,13.5,1006.2,0.0,25.4,295,41.8,1982-02-13,Tornado temporal Chile Pedro Pico,1,1,0,0,0,1
1982-02-12 11:00:00,26.3,38,10.9,1006.1,0.0,22.2,283,40.0,1982-02-13,Tornado temporal Chile Pedro Pico,1,1,0,0,0,1
1982-02-12 12:00:00,27.7,32,9.4,1005.7,0.0,20.3,276,37.4,1982-02-13,Tornado temporal Chile Pedro Pico,1,1,0,0,0,1
1982-02-12 13:00:00,28.8,28,8.5,1005.3,0.0,18.4,276,36.4,1982-02-13,Tornado temporal Chile Pedro Pico,1,1,0,0,0,1
1982-02-12 14:00:00,29.6,26,7.9,1004.7,0.0,17.4,277,34.9,1982-02-13,Tornado temporal Chile Pedro Pico,1,1,0,0,0,1
1982-02-12 15:00:00,30.1,24,7.6,1004.2,0.0,17.5,284,33.5,1982-02-13,Tornado temporal Chile Pedro Pico,1,1,0,0,0,1
1982-02-12 16:00:00,30.6,26,9.2,1003.6,0.0,17.7,294,31.3,1982-02-13,Tornado temporal Chile Pedro Pico,1,1,0,0,0,1
1982-02-12 17:00:00,30.7,27,9.6,1002.7,0.0,15.9,295,29.9,1982-02-13,Tornado temporal Chile Pedro Pico,1,1,0,0,0,1
1982-02-12 18:00:00,30.0,30,10.4,1002.3,0.0,13.5,295,27.0,1982-02-13,Tornado temporal Chile Pedro Pico,1,1,0,0,0,1
1982-02-12 19:00:00,29.3,33,11.2,1002.0,0.0,8.6,272,22.0,1982-02-13,Tornado temporal Chile Pedro Pico,1,1,0,0,0,1
1982-02-12 20:00:00,27.8,39,12.6,1002.2,0.0,0.4,90,19.8,1982-02-13,Tornado temporal Chile Pedro Pico,1,1,0,0,0,1
1982-02-12 21:00:00,25.5,50,14.3,1002.0,0.0,8.6,88,20.9,1982-02-13,Tornado temporal Chile Pedro Pico,1,1,0,0,0,1
1982-02-12 22:00:00,23.8,61,15.9,1001.9,0.0,10.8,94,27.4,1982-02-13,Tornado temporal Chile Pedro Pico,1,1,0,0,0,1
1982-02-12 23:00:00,22.9,69,16.9,1002.0,0.0,12.6,93,27.4,1982-02-13,Tornado temporal Chile Pedro Pico,1,1,0,0,0,1
1982-02-13 00:00:00,22.5,74,17.5,1001.5,0.0,11.8,67,28.4,1982-02-13,Tornado temporal Chile Pedro Pico,1,1,0,0,0,1
2019-12-29 00:00:00,18.0,69,12.2,1015.6,0.0,11.7,108,30.2,2019-12-30,Tornado F0 Paso Piedras,1,1,1,0,0,1
2019-12-29 01:00:00,17.6,72,12.4,1015.4,0.0,10.5,94,19.8,2019-12-30,Tornado F0 Paso Piedras,1,1,1,0,0,1
2019-12-29 02:00:00,17.2,75,12.8,1015.0,0.0,9.2,79,17.6,2019-12-30,Tornado F0 Paso Piedras,1,1,1,0,0,1
2019-12-29 03:00:00,16.8,80,13.4,1014.3,0.0,7.9,74,15.8,2019-12-30,Tornado F0 Paso Piedras,1,1,1,0,0,1
2019-12-29 04:00:00,16.3,85,13.8,1013.8,0.0,5.9,79,13.7,2019-12-30,Tornado F0 Paso Piedras,1,1,1,0,0,1
2019-12-29 05:00:00,16.1,89,14.2,1013.4,0.0,6.7,74,10.4,2019-12-30,Tornado F0 Paso Piedras,1,1,1,0,0,1
2019-12-29 06:00:00,16.2,91,14.8,1013.6,0.0,7.5,73,12.2,2019-12-30,Tornado F0 Paso Piedras,1,1,1,0,0,1
2019-12-29 07:00:00,18.6,84,15.9,1013.7,0.0,9.8,82,17.6,2019-12-30,Tornado F0 Paso Piedras,1,1,1,0,0,1
2019-12-29 08:00:00,21.9,74,17.0,1013.9,0.0,9.6,77,20.9,2019-12-30,Tornado F0 Paso Piedras,1,1,1,0,0,1
2019-12-29 09:00:00,23.9,65,16.9,1014.4,0.0,9.5,81,25.2,2019-12-30,Tornado F0 Paso Piedras,1,1,1,0,0,1
2019-12-29 10:00:00,26.8,49,15.3,1013.8,0.0,12.4,116,27.0,2019-12-30,Tornado F0 Paso Piedras,1,1,1,0,0,1
2019-12-29 11:00:00,28.5,42,14.5,1013.3,0.0,16.8,132,35.3,2019-12-30,Tornado F0 Paso Piedras,1,1,1,0,0,1
2019-12-29 12:00:00,29.8,39,14.4,1013.5,0.0,16.3,133,36.4,2019-12-30,Tornado F0 Paso Piedras,1,1,1,0,0,1
2019-12-29 13:00:00,31.2,34,13.4,1013.1,0.0,16.3,135,35.3,2019-12-30,Tornado F0 Paso Piedras,1,1,1,0,0,1
2019-12-29 14:00:00,31.2,38,15.1,1012.2,0.0,20.0,141,41.0,2019-12-30,Tornado F0 Paso Piedras,1,1,1,0,0,1
2019-12-29 15:00:00,31.4,38,15.3,1011.4,0.0,24.0,139,46.1,2019-12-30,Tornado F0 Paso Piedras,1,1,1,0,0,1
2019-12-29 16:00:00,30.9,41,16.1,1010.4,0.0,26.8,138,50.8,2019-12-30,Tornado F0 Paso Piedras,1,1,1,0,0,1
2019-12-29 17:00:00,30.1,44,16.5,1010.1,0.0,26.7,134,50.8,2019-12-30,Tornado F0 Paso Piedras,1,1,1,0,0,1
2019-12-29 18:00:00,29.3,45,16.2,1009.7,0.0,27.2,127,51.5,2019-12-30,Tornado F0 Paso Piedras,1,1,1,0,0,1
2019-12-29 19:00:00,28.5,48,16.3,1009.3,0.0,26.6,118,49.3,2019-12-30,Tornado F0 Paso Piedras,1,1,1,0,0,1
2019-12-29 20:00:00,27.2,53,16.7,1009.6,0.0,24.1,117,47.5,2019-12-30,Tornado F0 Paso Piedras,1,1,1,0,0,1
2019-12-29 21:00:00,25.6,61,17.7,1010.3,0.0,18.2,98,41.0,2019-12-30,Tornado F0 Paso Piedras,1,1,1,0,0,1
2019-12-29 22:00:00,25.7,62,18.0,1011.2,0.0,18.0,89,30.6,2019-12-30,Tornado F0 Paso Piedras,1,1,1,0,0,1
2019-12-29 23:00:00,25.5,65,18.4,1011.4,0.1,18.5,77,31.0,2019-12-30,Tornado F0 Paso Piedras,1,1,1,0,0,1
2019-12-30 00:00:00,24.8,71,19.1,1011.3,0.2,16.3,76,32.0,2019-12-30,Tornado F0 Paso Piedras,1,1,1,0,0,1
2023-12-15 00:00:00,20.5,92,19.2,1002.9,0.0,9.0,355,24.5,2023-12-16,Temporal destructivo,1,1,1,0,0,0
2023-12-15 01:00:00,18.7,95,18.0,1003.5,0.0,7.6,289,14.4,2023-12-16,Temporal destructivo,1,1,1,0,0,0
2023-12-15 02:00:00,19.6,95,18.7,1003.5,0.0,12.5,309,19.1,2023-12-16,Temporal destructivo,1,1,1,0,0,0
2023-12-15 03:00:00,19.5,94,18.6,1004.2,0.0,16.9,308,27.4,2023-12-16,Temporal destructivo,1,1,1,0,0,0
2023-12-15 04:00:00,19.3,94,18.4,1004.7,0.0,18.1,311,29.5,2023-12-16,Temporal destructivo,1,1,1,0,0,0
2023-12-15 05:00:00,19.2,94,18.2,1005.1,0.0,16.8,305,29.9,2023-12-16,Temporal destructivo,1,1,1,0,0,0
2023-12-15 06:00:00,18.7,94,17.6,1006.0,0.0,11.4,305,27.0,2023-12-16,Temporal destructivo,1,1,1,0,0,0
2023-12-15 07:00:00,19.5,87,17.3,1006.8,0.0,11.0,302,18.7,2023-12-16,Temporal destructivo,1,1,1,0,0,0
2023-12-15 08:00:00,21.2,65,14.2,1007.3,0.0,8.5,282,18.4,2023-12-16,Temporal destructivo,1,1,1,0,0,0
2023-12-15 09:00:00,22.9,41,8.9,1007.2,0.0,4.7,238,18.0,2023-12-16,Temporal destructivo,1,1,1,0,0,0
2023-12-15 10:00:00,24.4,34,7.4,1007.0,0.0,2.2,261,15.8,2023-12-16,Temporal destructivo,1,1,1,0,0,0
2023-12-15 11:00:00,26.2,28,6.4,1007.2,0.0,3.7,191,15.8,2023-12-16,Temporal destructivo,1,1,1,0,0,0
2023-12-15 12:00:00,27.7,25,6.0,1006.8,0.0,8.2,151,22.0,2023-12-16,Temporal destructivo,1,1,1,0,0,0
2023-12-15 13:00:00,29.1,21,4.3,1007.2,0.0,6.5,87,23.0,2023-12-16,Temporal destructivo,1,1,1,0,0,0
2023-12-15 14:00:00,30.7,19,4.1,1007.1,0.0,10.5,68,24.5,2023-12-16,Temporal destructivo,1,1,1,0,0,0
2023-12-15 15:00:00,31.5,22,7.4,1006.3,0.0,15.9,62,31.7,2023-12-16,Temporal destructivo,1,1,1,0,0,0
2023-12-15 16:00:00,31.9,27,10.7,1005.4,0.0,20.6,57,38.5,2023-12-16,Temporal destructivo,1,1,1,0,0,0
2023-12-15 17:00:00,32.8,26,10.5,1004.3,0.0,24.0,49,42.5,2023-12-16,Temporal destructivo,1,1,1,0,0,0
2023-12-15 18:00:00,31.8,32,13.0,1004.0,0.0,24.3,40,45.0,2023-12-16,Temporal destructivo,1,1,1,0,0,0
2023-12-15 19:00:00,31.0,41,16.1,1004.1,0.0,19.6,43,42.1,2023-12-16,Temporal destructivo,1,1,1,0,0,0
2023-12-15 20:00:00,29.3,48,17.2,1004.2,0.0,14.4,37,32.4,2023-12-16,Temporal destructivo,1,1,1,0,0,0
2023-12-15 21:00:00,27.3,54,17.3,1004.5,0.0,14.4,37,23.4,2023-12-16,Temporal destructivo,1,1,1,0,0,0
2023-12-15 22:00:00,26.5,58,17.7,1005.0,0.0,17.4,34,28.4,2023-12-16,Temporal destructivo,1,1,1,0,0,0
2023-12-15 23:00:00,26.1,64,18.7,1005.6,0.0,15.4,21,29.2,2023-12-16,Temporal destructivo,1,1,1,0,0,0
2023-12-16 00:00:00,25.4,71,19.6,1005.4,0.0,14.3,25,25.2,2023-12-16,Temporal destructivo,1,1,1,0,0,0
2025-03-06 00:00:00,20.1,93,19.0,1009.4,0.0,6.1,43,15.1,2025-03-07,Inundacion historica,1,0,1,1,0,0
2025-03-06 01:00:00,19.9,94,18.9,1010.2,0.0,4.6,36,11.5,2025-03-07,Inundacion historica,1,0,1,1,0,0
2025-03-06 02:00:00,20.4,92,19.0,1010.0,0.0,0.6,146,13.7,2025-03-07,Inundacion historica,1,0,1,1,0,0
2025-03-06 03:00:00,20.3,93,19.2,1009.3,0.0,4.3,152,8.3,2025-03-07,Inundacion historica,1,0,1,1,0,0
2025-03-06 04:00:00,20.1,92,18.7,1009.3,0.1,8.2,105,15.1,2025-03-07,Inundacion historica,1,0,1,1,0,0
2025-03-06 05:00:00,19.7,95,18.9,1009.7,3.5,6.9,139,29.9,2025-03-07,Inundacion historica,1,0,1,1,0,0
2025-03-06 06:00:00,20.3,93,19.1,1008.8,1.2,10.4,92,27.7,2025-03-07,Inundacion historica,1,0,1,1,0,0
2025-03-06 07:00:00,20.4,92,19.1,1009.1,15.3,3.7,119,19.4,2025-03-07,Inundacion historica,1,0,1,1,0,0
2025-03-06 08:00:00,20.9,93,19.7,1009.9,4.3,11.3,132,25.9,2025-03-07,Inundacion historica,1,0,1,1,0,0
2025-03-06 09:00:00,21.2,93,20.0,1010.4,21.5,14.5,135,40.7,2025-03-07,Inundacion historica,1,0,1,1,0,0
2025-03-06 10:00:00,22.1,92,20.7,1010.6,0.0,4.8,48,12.2,2025-03-07,Inundacion historica,1,0,1,1,0,0
2025-03-06 11:00:00,23.4,84,20.6,1010.6,0.0,6.4,32,16.9,2025-03-07,Inundacion historica,1,0,1,1,0,0
2025-03-06 12:00:00,24.8,78,20.8,1010.0,0.0,4.1,15,16.6,2025-03-07,Inundacion historica,1,0,1,1,0,0
2025-03-06 13:00:00,26.5,69,20.4,1009.9,0.0,15.7,340,34.2,2025-03-07,Inundacion historica,1,0,1,1,0,0
2025-03-06 14:00:00,26.5,69,20.3,1009.5,0.0,15.9,321,36.0,2025-03-07,Inundacion historica,1,0,1,1,0,0
2025-03-06 15:00:00,27.5,64,20.2,1009.2,0.0,14.8,319,35.6,2025-03-07,Inundacion historica,1,0,1,1,0,0
2025-03-06 16:00:00,28.1,61,19.9,1008.9,0.0,16.4,312,37.1,2025-03-07,Inundacion historica,1,0,1,1,0,0
2025-03-06 17:00:00,28.5,60,19.9,1008.5,0.0,13.7,310,37.8,2025-03-07,Inundacion historica,1,0,1,1,0,0
2025-03-06 18:00:00,28.3,62,20.3,1008.4,0.0,9.8,306,28.4,2025-03-07,Inundacion historica,1,0,1,1,0,0
2025-03-06 19:00:00,27.0,74,22.1,1008.6,0.0,3.6,315,18.7,2025-03-07,Inundacion historica,1,0,1,1,0,0
2025-03-06 20:00:00,25.4,75,20.7,1009.1,0.0,1.8,6,5.0,2025-03-07,Inundacion historica,1,0,1,1,0,0
2025-03-06 21:00:00,24.0,81,20.6,1010.0,0.0,4.0,32,5.8,2025-03-07,Inundacion historica,1,0,1,1,0,0
2025-03-06 22:00:00,23.9,85,21.1,1010.1,0.0,4.9,4,14.0,2025-03-07,Inundacion historica,1,0,1,1,0,0
2025-03-06 23:00:00,23.6,85,21.0,1010.2,0.0,8.9,8,14.4,2025-03-07,Inundacion historica,1,0,1,1,0,0
2025-03-07 00:00:00,24.2,81,20.6,1010.8,0.0,16.4,347,32.0,2025-03-07,Inundacion historica,1,0,1,1,0,0
