timestamp_utc,estado,severidad,prob_tormenta,prob_llegada_bahia,prob_fortalecimiento,prob_debilitamiento,prob_lluvia_fuerte,prob_viento_fuerte,prob_granizo,prob_rayo,eta_minutos,duracion_estimada_minutos,velocidad_kmh,direccion_grados,cape,humedad,rafaga_kmh,calidad_datos,confianza_modelo
2026-10-05T22:03:25.185947+00:00,sin_tormenta_activa,verde,0.056,0.0,,,0.02,0.02,0.01,0.01,,,,,0.0,48.0,26.6,100.0,0.65
2026-10-05T22:09:05.736792+00:00,sin_tormenta_activa,verde,0.056,0.0,,,0.02,0.02,0.01,0.01,,,,,0.0,48.0,26.6,100.0,0.65
2026-10-05T22:25:45.026589+00:00,sin_tormenta_activa,verde,0.056,0.0,,,0.02,0.02,0.01,0.01,,,,,0.0,48.0,26.6,100.0,0.65
2026-10-05T22:40:09.264222+00:00,sin_tormenta_activa,verde,0.056,0.0,,,0.02,0.02,0.01,0.01,,,,,0.0,53.0,22.3,100.0,0.65
2026-10-05T22:53:27.831435+00:00,sin_tormenta_activa,verde,0.056,0.0,,,0.02,0.02,0.01,0.01,,,,,0.0,53.0,22.3,100.0,0.65
2026-10-05T23:07:47.985286+00:00,sin_tormenta_activa,verde,0.056,0.0,,,0.02,0.02,0.01,0.01,,,,,0.0,53.0,22.3,100.0,0.65
2026-10-05T23:22:46.594523+00:00,sin_tormenta_activa,verde,0.056,0.0,,,0.02,0.02,0.01,0.01,,,,,0.0,53.0,22.3,100.0,0.65
2026-10-05T23:38:31.914328+00:00,sin_tormenta_activa,verde,0.056,0.0,,,0.02,0.02,0.01,0.01,,,,,0.0,58.0,19.1,100.0,0.65
2026-10-05T23:49:59.076118+00:00,sin_tormenta_activa,verde,0.056,0.0,,,0.02,0.02,0.01,0.01,,,,,0.0,58.0,19.1,100.0,0.65
2026-10-05T23:59:00.614092+00:00,sin_tormenta_activa,verde,0.056,0.0,,,0.02,0.02,0.01,0.01,,,,,0.0,58.0,19.1,100.0,0.65
2026-10-06T00:26:53.346272+00:00,sin_tormenta_activa,verde,0.056,0.0,,,0.02,0.02,0.01,0.01,,,,,0.0,58.0,19.1,100.0,0.65
2026-10-06T00:51:34.648695+00:00,sin_tormenta_activa,verde,0.184,0.0,,,0.02,0.02,0.01,0.01,,,,,0.0,60.0,18.0,100.0,0.65
2026-10-06T01:10:01.718542+00:00,sin_tormenta_activa,verde,0.184,0.0,,,0.02,0.02,0.01,0.01,,,,,0.0,60.0,18.0,100.0,0.65
2026-10-06T01:27:46.354873+00:00,sin_tormenta_activa,verde,0.184,0.0,,,0.02,0.02,0.01,0.01,,,,,0.0,60.0,18.7,100.0,0.65
2026-10-06T01:43:07.276484+00:00,sin_tormenta_activa,verde,0.184,0.0,,,0.02,0.02,0.01,0.01,,,,,0.0,60.0,18.7,100.0,0.65
2026-10-06T01:57:31.027776+00:00,sin_tormenta_activa,verde,0.184,0.0,,,0.02,0.02,0.01,0.01,,,,,0.0,60.0,18.7,100.0,0.65
2026-10-06T02:13:25.263666+00:00,sin_tormenta_activa,verde,0.184,0.0,,,0.02,0.02,0.01,0.01,,,,,0.0,60.0,18.7,100.0,0.65
2026-10-06T02:33:21.840689+00:00,sin_tormenta_activa,verde,0.224,0.0,,,0.02,0.02,0.01,0.01,,,,,0.0,62.0,18.0,100.0,0.65
2026-10-06T02:51:07.298969+00:00,sin_tormenta_activa,verde,0.224,0.0,,,0.02,0.02,0.01,0.01,,,,,0.0,62.0,18.0,100.0,0.65
2026-10-06T03:08:32.468400+00:00,sin_tormenta_activa,verde,0.224,0.0,,,0.02,0.02,0.01,0.01,,,,,0.0,62.0,18.0,100.0,0.65
2026-10-06T03:26:10.190842+00:00,sin_tormenta_activa,verde,0.224,0.0,,,0.02,0.02,0.01,0.01,,,,,0.0,62.0,18.0,100.0,0.65
2026-10-06T03:42:37.710814+00:00,sin_tormenta_activa,verde,0.184,0.0,,,0.02,0.02,0.01,0.01,,,,,0.0,66.0,15.1,100.0,0.65
2026-10-06T03:44:31.524883+00:00,sin_tormenta_activa,verde,0.184,0.0,,,0.02,0.02,0.01,0.01,,,,,0.0,66.0,15.1,100.0,0.65
2026-10-06T03:59:32.643565+00:00,sin_tormenta_activa,verde,0.184,0.0,,,0.02,0.02,0.01,0.01,,,,,0.0,66.0,15.1,100.0,0.65
2026-10-06T04:19:48.096684+00:00,sin_tormenta_activa,verde,0.184,0.0,,,0.02,0.02,0.01,0.01,,,,,0.0,66.0,15.1,100.0,0.65
2026-10-06T04:37:48.046394+00:00,sin_tormenta_activa,verde,0.184,0.0,,,0.02,0.02,0.01,0.01,,,,,0.0,72.0,11.5,100.0,0.65
2026-10-06T04:53:31.452644+00:00,sin_tormenta_activa,verde,0.184,0.0,,,0.02,0.02,0.01,0.01,,,,,0.0,72.0,11.5,100.0,0.65
2026-10-06T05:09:27.915092+00:00,sin_tormenta_activa,verde,0.184,0.0,,,0.02,0.02,0.01,0.01,,,,,0.0,72.0,11.5,100.0,0.65
2026-10-06T05:27:40.822357+00:00,sin_tormenta_activa,verde,0.184,0.0,,,0.02,0.02,0.01,0.01,,,,,0.0,72.0,11.5,100.0,0.65
2026-10-06T05:44:53.474890+00:00,sin_tormenta_activa,verde,0.24,0.0,,,0.02,0.02,0.01,0.01,,,,,0.0,76.0,9.0,100.0,0.65
2026-10-06T05:58:41.573105+00:00,sin_tormenta_activa,verde,0.24,0.0,,,0.02,0.02,0.01,0.01,,,,,0.0,76.0,9.0,100.0,0.65
2026-10-06T06:20:40.257744+00:00,sin_tormenta_activa,verde,0.24,0.0,,,0.02,0.02,0.01,0.01,,,,,0.0,76.0,9.0,100.0,0.65
2026-10-06T06:48:21.327347+00:00,sin_tormenta_activa,verde,0.24,0.0,,,0.02,0.02,0.01,0.01,,,,,0.0,78.0,9.0,100.0,0.65
2026-10-06T07:04:22.639500+00:00,sin_tormenta_activa,verde,0.24,0.0,,,0.02,0.02,0.01,0.01,,,,,0.0,78.0,9.0,100.0,0.65
2026-10-06T07:25:31.052166+00:00,sin_tormenta_activa,verde,0.24,0.0,,,0.02,0.02,0.01,0.01,,,,,0.0,78.0,9.0,100.0,0.65
2026-10-06T14:07:04.692604+00:00,sin_tormenta_activa,verde,0.0,0.0,,,0.02,0.02,0.01,0.01,,,,,10.0,45.0,19.1,100.0,0.65
2026-10-06T14:21:36.320773+00:00,sin_tormenta_activa,verde,0.0,0.0,,,0.02,0.02,0.01,0.01,,,,,10.0,45.0,19.1,100.0,0.65
2026-10-06T18:25:59.143554+00:00,sin_tormenta_activa,verde,0.328,0.0,,,0.02,0.02,0.01,0.01,,,,,60.0,60.0,19.4,80.0,0.56
2026-10-06T18:33:31.990556+00:00,sin_tormenta_activa,verde,0.328,0.0,,,0.02,0.02,0.01,0.01,,,,,70.0,72.0,17.3,100.0,0.65
2026-10-06T19:36:59.174497+00:00,sin_tormenta_activa,verde,0.384,0.0,,,0.02,0.02,0.01,0.01,,,,,70.0,84.0,15.1,100.0,0.65
2026-10-06T19:40:11.702652+00:00,sin_tormenta_activa,verde,0.384,0.0,,,0.02,0.02,0.01,0.01,,,,,70.0,84.0,15.1,100.0,0.65
2026-10-06T21:53:58.122979+00:00,sin_tormenta_activa,verde,0.104,0.0,,,0.02,0.02,0.01,0.01,,,,,0.0,88.0,24.8,100.0,0.75
2026-10-06T22:10:13.213724+00:00,sin_tormenta_activa,verde,0.102,0.0,,,0.02,0.02,0.01,0.01,,,,,0.0,88.0,24.8,100.0,0.75
2026-10-06T22:19:23.213933+00:00,sin_tormenta_activa,verde,0.102,0.0,,,0.02,0.02,0.01,0.01,,,,,0.0,88.0,24.8,100.0,0.75
2026-10-06T23:20:27.765447+00:00,sin_tormenta_activa,verde,0.109,0.0,,,0.02,0.02,0.01,0.01,,,,,0.0,86.0,32.4,100.0,0.75
2026-10-07T02:49:31.231258+00:00,sin_tormenta_activa,verde,0.11,0.0,,,0.02,0.02,0.01,0.01,,,,,0.0,84.0,39.6,100.0,0.75
2026-10-07T03:11:18.080370+00:00,sin_tormenta_activa,verde,0.11,0.0,,,0.02,0.02,0.01,0.01,,,,,0.0,84.0,39.6,100.0,0.75
2026-10-07T04:28:11.105667+00:00,sin_tormenta_activa,verde,0.174,0.0,,,0.02,0.02,0.01,0.01,,,,,0.0,86.0,36.7,100.0,0.75
2026-10-07T13:59:27.464177+00:00,sin_tormenta_activa,verde,0.194,0.0,,,0.02,0.02,0.01,0.01,,,,,0.0,86.0,41.8,100.0,0.75
2026-10-07T14:19:52.008247+00:00,sin_tormenta_activa,verde,0.189,0.0,,,0.02,0.02,0.01,0.01,,,,,0.0,86.0,41.8,100.0,0.75
2026-10-07T14:40:30.976167+00:00,sin_tormenta_activa,verde,0.188,0.0,,,0.02,0.02,0.01,0.01,,,,,0.0,86.0,41.4,100.0,0.75
2026-10-07T16:32:04.649323+00:00,sin_tormenta_activa,verde,0.225,0.0,,,0.02,0.02,0.01,0.01,,,,,0.0,89.0,47.2,60.0,0.65
2026-10-07T16:47:32.607631+00:00,sin_tormenta_activa,verde,0.232,0.0,,,0.02,0.02,0.01,0.01,,,,,0.0,89.0,47.2,60.0,0.65
2026-10-07T20:21:40.161122+00:00,sin_tormenta_activa,verde,0.237,0.0,,,0.02,0.02,0.01,0.01,,,,,10.0,87.0,51.8,60.0,0.65
2026-10-07T20:35:24.718398+00:00,sin_tormenta_activa,verde,0.223,0.0,,,0.02,0.02,0.01,0.01,,,,,10.0,89.0,49.3,60.0,0.65
2026-10-07T20:40:29.042257+00:00,sin_tormenta_activa,verde,0.223,0.0,,,0.02,0.02,0.01,0.01,,,,,10.0,89.0,49.3,60.0,0.65
