frame_time,frame_utc,generated_utc,image_url,width,height,valid_pixels,mean_dbz,max_dbz,pixels_ge_10dbz,pixels_ge_20dbz,pixels_ge_30dbz,pixels_ge_40dbz,centroid_x_ge_20dbz,centroid_y_ge_20dbz
1790872800,2026-10-01T16:40:00+00:00,2026-10-01T18:45:04.664064+00:00,https://tilecache.rainviewer.com/v2/radar/52d9bb3e1be8/512/7/-38.7196/-62.2724/2/0_0.png,512,512,262144,-11.0,-11,0,0,0,0,,
1790873400,2026-10-01T16:50:00+00:00,2026-10-01T18:45:04.965698+00:00,https://tilecache.rainviewer.com/v2/radar/04589af9b689/512/7/-38.7196/-62.2724/2/0_0.png,512,512,262144,-11.0,-11,0,0,0,0,,
1790874000,2026-10-01T17:00:00+00:00,2026-10-01T18:45:05.266637+00:00,https://tilecache.rainviewer.com/v2/radar/62bafda080a1/512/7/-38.7196/-62.2724/2/0_0.png,512,512,262144,-11.0,-11,0,0,0,0,,
1790874600,2026-10-01T17:10:00+00:00,2026-10-01T18:45:05.570184+00:00,https://tilecache.rainviewer.com/v2/radar/7731fc74860e/512/7/-38.7196/-62.2724/2/0_0.png,512,512,262144,-11.0,-11,0,0,0,0,,
1790875200,2026-10-01T17:20:00+00:00,2026-10-01T18:45:05.873738+00:00,https://tilecache.rainviewer.com/v2/radar/6d1a99f8ad8d/512/7/-38.7196/-62.2724/2/0_0.png,512,512,262144,-11.0,-11,0,0,0,0,,
1790875800,2026-10-01T17:30:00+00:00,2026-10-01T18:45:06.175829+00:00,https://tilecache.rainviewer.com/v2/radar/b46d6ee6aa4a/512/7/-38.7196/-62.2724/2/0_0.png,512,512,262144,-11.0,-11,0,0,0,0,,
1790876400,2026-10-01T17:40:00+00:00,2026-10-01T18:45:06.477582+00:00,https://tilecache.rainviewer.com/v2/radar/499b01593994/512/7/-38.7196/-62.2724/2/0_0.png,512,512,262144,-11.0,-11,0,0,0,0,,
1790877000,2026-10-01T17:50:00+00:00,2026-10-01T18:45:06.782589+00:00,https://tilecache.rainviewer.com/v2/radar/be9685b70c42/512/7/-38.7196/-62.2724/2/0_0.png,512,512,262144,-11.0,-11,0,0,0,0,,
1790877600,2026-10-01T18:00:00+00:00,2026-10-01T18:45:07.083801+00:00,https://tilecache.rainviewer.com/v2/radar/bb48a1ccda1e/512/7/-38.7196/-62.2724/2/0_0.png,512,512,262144,-11.0,-11,0,0,0,0,,
1790878200,2026-10-01T18:10:00+00:00,2026-10-01T18:45:07.386467+00:00,https://tilecache.rainviewer.com/v2/radar/7a1546790b47/512/7/-38.7196/-62.2724/2/0_0.png,512,512,262144,-11.0,-11,0,0,0,0,,
1790878800,2026-10-01T18:20:00+00:00,2026-10-01T18:45:07.688912+00:00,https://tilecache.rainviewer.com/v2/radar/9fa2a36898e8/512/7/-38.7196/-62.2724/2/0_0.png,512,512,262144,-11.0,-11,0,0,0,0,,
1790879400,2026-10-01T18:30:00+00:00,2026-10-01T18:45:07.994004+00:00,https://tilecache.rainviewer.com/v2/radar/3d69603f0939/512/7/-38.7196/-62.2724/2/0_0.png,512,512,262144,-11.0,-11,0,0,0,0,,
1790880000,2026-10-01T18:40:00+00:00,2026-10-01T18:45:08.296259+00:00,https://tilecache.rainviewer.com/v2/radar/e27a82ff6919/512/7/-38.7196/-62.2724/2/0_0.png,512,512,262144,-11.0,-11,0,0,0,0,,
