frame_time,frame_utc,source,latitud,longitud,area_px,distance_km,dbz_max,dbz_mean,dbz_p90,dbz_pixels,tiles_ok,nucleos
1791335400,2026-10-07T01:10:00+00:00,RainViewer,-38.71,-62.26,0,,,,,0,9,[]
1791336000,2026-10-07T01:20:00+00:00,RainViewer,-38.71,-62.26,0,,,,,0,9,[]
1791336600,2026-10-07T01:30:00+00:00,RainViewer,-38.71,-62.26,0,,,,,0,9,[]
1791337200,2026-10-07T01:40:00+00:00,RainViewer,-38.71,-62.26,0,,,,,0,9,[]
1791337800,2026-10-07T01:50:00+00:00,RainViewer,-38.71,-62.26,0,,,,,0,9,[]
1791338400,2026-10-07T02:00:00+00:00,RainViewer,-38.71,-62.26,0,,,,,0,9,[]
1791339000,2026-10-07T02:10:00+00:00,RainViewer,-38.71,-62.26,0,,,,,0,9,[]
1791339600,2026-10-07T02:20:00+00:00,RainViewer,-38.71,-62.26,0,,,,,0,9,[]
1791340200,2026-10-07T02:30:00+00:00,RainViewer,-38.71,-62.26,0,,,,,0,9,[]
1791340800,2026-10-07T02:40:00+00:00,RainViewer,-38.71,-62.26,0,,,,,0,9,[]
1791341400,2026-10-07T02:50:00+00:00,RainViewer,-38.71,-62.26,0,,,,,0,9,[]
1791342000,2026-10-07T03:00:00+00:00,RainViewer,-38.71,-62.26,0,,,,,0,9,[]
